"ID","F00_FAIT,C,8","NUMERO,C,30","ADRESSE,C,254","NB_PLACES,N,19,11","SECTEUR,C,10","F05_DATE,C,16","F07_COMMEN,C,254","F08_COMMEN,C,254"
1,"Fait","201","Rue joffre",22,"2","26/05/2010 13:45","3,87925827808276","43,606685399744"
2,"Fait","209","Rue Du guesclin",27,"2","26/05/2010 13:21","3,88291821033673","43,6072790167536"
3,"Fait","211","Rue Du guesclin",0,"2","26/05/2010 13:14","3,8831547322334","43,6080263965746"
4,"Fait","301","Rue de la Merci",12,"3","31/05/2010 08:45","3,87084457603587","43,6091876946528"
5,"Fait","302","Rue de la Merci",0,"3","31/05/2010 08:48","3,87109790739546","43,6101093651894"
6,"Fait","303","Rue Donnat",10,"3","31/05/2010 10:10","3,87048957533162","43,610069359746"
7,"Fait","304","Rue Clapies",49,"3","31/05/2010 08:53","3,8701479087","43,610469357446"
8,"Fait","306","Rue de l Ecole de Droit",0,"3","31/05/2010 09:51","3,86955124535296","43,6091426831085"
9,"Fait","307","Place Pierre Flotte",43,"3","31/05/2010 08:57","3,86872957825695","43,6104160115077"
10,"Fait","310","1 Rue Auguste Comte",36,"3","31/05/2010 09:02","3,86838124609255","43,6101210078882"
11,"Fait","311","7 Rue Auguste Comte",0,"3","31/05/2010 09:05","3,86757624846804","43,6096443332154"
12,"Fait","316","Rue Paul Brousse",15,"3","31/05/2010 08:20","3,8738485827346","43,6070792242109"
13,"Fait","317","Rue Marceau",18,"3","31/05/2010 08:30","3,87301866653323","43,6073782218987"
14,"Fait","320","Rue Paul Brousse",0,"3","31/05/2010 08:35","3,87212790856336","43,6080793707767"
15,"Fait","801","Rue Chaptal",21,"8","01/06/2010 12:33","3,87188047546752","43,605896635496"
16,"Fait","802","Rue Louise Guiraud",13,"8","01/06/2010 12:49","3,87337583685033","43,6047371236416"
17,"Fait","803","Rue Dom Vaissette",23,"8","01/06/2010 10:24","3,87209124666528","43,6051126986308"
18,"Fait","804","Rue Dom Vaissette",0,"8","01/06/2010 12:47","3,87271622406441","43,6048003104413"
19,"Fait","805","Rue St Claude",20,"8","01/06/2010 12:27","3,87304970171829","43,6050778951129"
20,"Fait","806","Rue Trente Deuxième",15,"8","01/06/2010 10:20","3,87065810220225","43,6058033522819"
21,"Fait","807","Rue Toiras",50,"8","01/06/2010 10:16","3,86986291570024","43,606471014366"
22,"Fait","808","Rue de la Raffinerie",31,"8","01/06/2010 10:14","3,86904625051912","43,6065760072445"
23,"Fait","809","Rue Daru",11,"8","01/06/2010 08:51","3,86796286725333","43,6076969732003"
24,"Fait","810","Rue du Faubourg Figuerolles",75,"8","01/06/2010 08:57","3,8676769192738","43,6078762205004"
25,"Fait","811","Place Roger Salengro",43,"8","01/06/2010 10:03","3,8672719279624","43,6071270144827"
26,"Fait","812","Rue du Jardin Martel",6,"8","01/06/2010 10:07","3,86799291879678","43,6068959984152"
27,"Fait","813","Rue de la Palissade",8,"8","01/06/2010 10:10","3,8688912494888","43,6074043407202"
28,"Fait","814","Place Roger Salengro",0,"8","01/06/2010 10:04","3,8672879208795","43,6064959913497"
29,"Fait","817","Rue du Faubourg Figuerolles",0,"8","01/06/2010 09:09","3,86359126227582","43,6061576242247"
30,"Fait","818","Rue du Faubourg Figuerolles",0,"8","01/06/2010 09:13","3,86253626469042","43,6059976144342"
31,"Fait","904","Place des Beaux arts",14,"9","27/05/2010 09:00","3,88141364495832","43,6159223550805"
32,"Fait","906","Rue lakanal",12,"9","27/05/2010 08:31","3,87954008894878","43,6161678845949"
33,"Fait","908","Rue Belmont",6,"9","27/05/2010 08:53","3,88073959866767","43,6152949552365"
34,"Fait","909","Rue de la Cavalerie",12,"9","27/05/2010 08:18","3,8793657338166","43,6157343834314"
35,"Fait","911","Rue Proudhon",0,"9","27/05/2010 08:57","3,88127987307576","43,6154077012337"
36,"Fait","912","Quai du Verdanson",4,"9","25/05/2010 13:28","3,87838455196717","43,6152111038664"
37,"Fait","122","Parking joffre(rue d'argencourt)",254,"12","27/05/2010 09:24","3,88554743407471","43,6128780794638"
38,"Fait","1302","Rue Adam de Crapone",29,"13","02/06/2010 08:47","3,86666623202397","43,6054689641192"
39,"Fait","1303","Rue des Pins",24,"13","01/06/2010 13:24","3,86955693639384","43,6051220608884"
40,"Fait","1304","Rue Chaptal",0,"13","01/06/2010 13:34","3,86929862859558","43,604614048674"
41,"Fait","1305","Rue Rambaud",5,"13","01/06/2010 13:27","3,86909224804297","43,605717345135"
42,"Fait","1306","Rue Balard",53,"13","02/06/2010 08:28","3,86998294751693","43,604797999189"
43,"Fait","1307","Rue Balard",0,"13","02/06/2010 08:31","3,87034337401358","43,6047518469948"
44,"Fait","1308","Rue Balard",0,"13","02/06/2010 08:08","3,87148178473759","43,6035820507899"
45,"Fait","1309","Rue Desmazes",44,"13","01/06/2010 13:30","3,86836225967647","43,605114952954"
46,"Fait","1310","Rue Nissole",19,"13","01/06/2010 13:40","3,86958886636136","43,6047031264121"
47,"Fait","1701","Rue Barthez",0,"17","31/05/2010 12:48","3,87175558823127","43,612267574961"
48,"Fait","1703","plan narcissa",44,"17","31/05/2010 12:58","3,87162222475209","43,6125761250819"
49,"Fait","1705","rue eugene varlin",17,"17","31/05/2010 13:02","3,86813726704347","43,6127481514301"
50,"Fait","1708","Rue doria",7,"17","31/05/2010 13:59","3,86709957829694","43,6123526674729"
51,"Fait","1709","Rue Doria",16,"17","31/05/2010 13:55","3,86770290907881","43,6131926743255"
52,"Fait","1710","avenue d assas",0,"17","31/05/2010 13:16","3,86768509191568","43,6124118244996"
53,"Fait","1713","Rue bonnard",0,"17","31/05/2010 13:36","3,87034427000622","43,6152093531106"
54,"Fait","1714","Rue Bonnard",24,"17","31/05/2010 13:41","3,87092607196869","43,6156309494009"
55,"Fait","1716","Boulevard Henri IV",56,"17","31/05/2010 12:35","3,87326789667403","43,6142127245798"
56,"Fait","1717","Impasse richer de belleval",0,"17","31/05/2010 13:05","3,86913957384195","43,6126443525249"
57,"Fait","1720","Boulevard Henri IV",0,"17","31/05/2010 12:40","3,87307182035131","43,6135795394454"
58,"Fait","1721","Rue du Carré du Roi",0,"17","31/05/2010 13:53","3,86746790909842","43,6134593394434"
59,"Fait","1722","avenue st charles",19,"17","31/05/2010 15:05","3,87244030486705","43,6171309232106"
60,"Fait","1903","Rue Louis Figuier",23,"19","26/05/2010 14:37","3,88311062928307","43,6038157210099"
61,"Fait","1904","Rue Henri René",23,"19","26/05/2010 14:25","3,88237231658734","43,6045380106929"
62,"Fait","1905","Rue Henri René",0,"19","26/05/2010 14:22","3,88261990425822","43,6036952891563"
63,"Fait","1910","Rue Général Riu",12,"19","26/05/2010 14:28","3,88203566868179","43,6043196614359"
64,"Fait","1911","Rue des Deux Ponts",38,"19","26/05/2010 14:04","3,8804573530924","43,6039228757187"
65,"Fait","1914","Rue Général Riu",0,"19","26/05/2010 14:11","3,88035741154713","43,6032471610777"
66,"Fait","1915","Rue du pont de Lattes",0,"19","26/05/2010 14:47","3,88376814611584","43,6038139381658"
67,"Fait","2002","Boulevard de Strasbourg",121,"20","28/05/2010 10:03","3,88681327150227","43,603543857887"
68,"Fait","2005","Boulevard de Strasbourg",0,"20","28/05/2010 13:00","3,8838098936332","43,6030423911133"
69,"Fait","2006","Boulevard de Strasbourg",0,"20","28/05/2010 12:58","3,88374454746098","43,603438803813"
70,"Fait","2007","Place Carnot",20,"20","28/05/2010 12:55","3,8826871729385","43,6034751976557"
71,"Fait","2008","Boulevard de Strasbourg",0,"20","28/05/2010 12:51","3,8813332866881","43,6031530599785"
72,"Fait","2009","Boulevard de Strasbourg",0,"20","28/05/2010 12:51","3,88135926145125","43,6029879057456"
73,"Fait","2010","Rue de Barcelone",61,"20","28/05/2010 13:22","3,88718050772352","43,6040598678602"
74,"Fait","2011","Rue de Barcelone",0,"20","28/05/2010 13:18","3,88592617441432","43,6043143240383"
75,"Fait","2012","Rue de Barcelone",0,"20","28/05/2010 13:09","3,88426993088852","43,6044621874698"
76,"Fait","2013","Boulevard de Strasbourg",0,"20","28/05/2010 10:01","3,88761832604801","43,6032902705916"
77,"Fait","2014","Rue du cimetiere des Protestants",14,"20","28/05/2010 13:02","3,88638797813162","43,603347776046"
78,"Fait","2015","Rue de la Constituante",25,"20","28/05/2010 14:36","3,89411136833969","43,602137348882"
79,"Fait","2017","Boulevard d Orient",0,"20","28/05/2010 09:22","3,88970431313191","43,6034662495461"
,,"2018","Rue du Moulin des Sept Cans",74,"20","28/05/2010 14:08","3,89021795703464","43,6027206839869"
,"Fait","2019","Rue du Moulin des Sept Cans",0,"20","28/05/2010 14:09","3,89485228839968","43,6003734640663"
,"Fait","2020","Rue du Moulin des Sept Cans",0,"20","28/05/2010 14:25","3,89373515257142","43,600368387855"
,"Fait","2022","Avenue du Petit Train",0,"20","28/05/2010 14:15","3,89213371929176","43,6015669309307"
,"Fait","2023","Avenue Albert Dubout",33,"20","28/05/2010 09:51","3,89225216646625","43,6018193955457"
,"Fait","2024","Avenue Albert Dubout",0,"20","28/05/2010 09:52","3,89114575314931","43,6030184175985"
,"Fait","2025","Avenue du Petit Train",0,"20","28/05/2010 14:22","3,8925317241684","43,6013676961148"
,"Fait","2026","1 Place Des Patriotes",80,"20","28/05/2010 14:33","3,89375790076344","43,6020528584552"
,"Fait","2027","10 Place Des Patriotes",0,"20","28/05/2010 14:35","3,89343324275141","43,6017254648097"
,"Fait","2028","20 Place Des Patriotes",0,"20","28/05/2010 14:31","3,8941686476188","43,6016387853529"
,"Fait","2029","Chemin de Moulares",34,"20","28/05/2010 14:29","3,89467124542205","43,6007052502436"
,"Fait","2102","Boulevard Renouvier",67,"21","02/06/2010 08:51","3,86762102558445","43,6054064370846"
,"Fait","2103","Boulevard Renouvier",0,"21","02/06/2010 08:52","3,86737915426711","43,6052980088482"
,"Fait","2105","Boulevard Renouvier",0,"21","02/06/2010 08:55","3,86783680300535","43,6038274082761"
,"Fait","2106","Place Chaptal",23,"21","02/06/2010 08:56","3,86772125851885","43,6033326559059"
,"Fait","2107","Boulevard Renouvier",0,"21","02/06/2010 09:06","3,86832048148432","43,6021454207902"
,"Fait","2108","Rue Raoux",13,"21","02/06/2010 09:04","3,86792459361516","43,6019993218915"
,"Fait","2109","Rue Chaptal",16,"21","02/06/2010 09:41","3,86903292041332","43,6046026701484"
,"Fait","2110","Rue Joseph Vidal",21,"21","02/06/2010 09:37","3,87001398620538","43,6037446603942"
,"Fait","2111","Rue Rigaud",34,"21","02/06/2010 09:28","3,86923292139366","43,6037443370372"
,"Fait","2112","Rue Rigaud",0,"21","02/06/2010 09:32","3,87001619687482","43,6031744951224"
,"Fait","2113","Rue Fouques",28,"21","02/06/2010 09:09","3,86852792488974","43,6024909949772"
,"Fait","2114","Rue du Commerce",32,"21","02/06/2010 09:00","3,8687773666891","43,6026766652415"
,"Fait","2115","Rue du Commerce",0,"21","02/06/2010 09:12","3,86909035203693","43,6025417528012"
,"Fait","2116","Rue Bourrely",27,"21","02/06/2010 09:17","3,86924109031001","43,602826858436"
,"Fait","2117","Rue Bourrely",0,"21","02/06/2010 09:22","3,86857057537171","43,6032485065893"
,"Fait","2118","Rue Joseph Vidal",0,"21","02/06/2010 09:35","3,87041619909373","43,6033373074415"
,"Fait","2302","Rue Frederic Peysson",80,"23","26/05/2010 09:41","3,88023750393271","43,6023494250928"
,"Fait","2303","Rue alexis alquie",0,"23","26/05/2010 09:36","3,87996353750125","43,602160098315"
,"Fait","2305","Rue Frederic Peysson",0,"23","26/05/2010 09:22","3,8796322637579","43,6009840293589"
,"Fait","2313","Rue louis Figuier",21,"23","26/05/2010 09:54","3,88194916915072","43,6025591080917"
,"Fait","2318","Boulevard Rabelais",73,"23","28/05/2010 08:31","3,87998665780522","43,6009033126986"
,"Fait","2323","Rue Boyer",0,"23","26/05/2010 09:16","3,87923102153029","43,6015878416504"
,"Fait","2324","Rue Bastide",13,"23","28/05/2010 08:39","3,88092669204794","43,6014425449261"
,"Fait","2310",,0,"23","26/05/2010 09:48","3,8804539276561","43,6026625028569"
,"Fait","123",,0,,"27/05/2010 09:28","3,8848199490795","43,6128672917569"
,,"2016",,0,"20","28/05/2010 09:17","3,88727921119139","43,6030856237966"
,,"10","Rue de la Republique",12,"1","25/05/2010 15:10","3,8793730204216","43,6053178821818"
,"Fait","202","Rue Clos rené",12,"2","02/01/2003 16:02","3,88024422369134","43,6067425941374"
,"Fait","203","Rue de Verdun",42,"2","02/01/2003 15:58","3,8813738375306","43,6066554802443"
,"Fait","205","Rue Serrane",12,"2","02/01/2003 15:51","3,88219432951568","43,6061794794148"
,"Fait","206","Rue Mareschal",23,"2","02/01/2003 15:18","3,88181122352277","43,6073427892984"
,"Fait","207","Rue Mareschal",0,"2","02/01/2003 15:16","3,88209426061385","43,6078504701612"
,"Fait","208","Rue Flaugergues",22,"2","02/01/2003 15:29","3,88230029798826","43,6073061772094"
,"Fait","210","Rue Baudin",18,"2","26/05/2010 15:05","3,88223867330681","43,6084506782883"
,"Fait","903","Rue bernard Delicieux",59,"9","03/01/2003 11:28","3,88083138734931","43,6164467028214"
,"Fait","905","Place Emile Combes",31,"9","03/01/2003 11:06","3,88001768719683","43,6163442419079"
,"Fait","907","Rue lunaret",9,"9","03/01/2003 10:44","3,87977219855501","43,6161000925208"
,"Fait","910","Rue Proudhon",29,"9","03/01/2003 11:09","3,88044504271487","43,6161186086585"
,"Fait","913","Rue bernard Delicieux",0,"9","03/01/2003 11:33","3,88245647929301","43,6153804226474"
,"Fait","1912","Rue des Deux Ponts",0,"19","02/01/2003 17:00","3,88108031834646","43,6043531961738"
,"Fait","1913","Rue des Aiguerelles",35,"19","02/01/2003 16:39","3,88340838361371","43,6025351639038"
,"Fait","2004","Boulevard de Strasbourg",0,"20","04/01/2003 12:27","3,88616691379536","43,6032376792674"
,,"2301","Rue Colin",39,"23","02/01/2003 11:15","3,87879063208138","43,6019046178838"
,"Fait","2304","Rue Colin",0,"23","02/01/2003 11:18","3,87838937275627","43,6011817996351"
,"Fait","2306","Rue Adolphe Mion",18,"23","04/01/2003 11:05","3,88154991000571","43,6017068422458"
,"Fait","2307","Rue Sainte Catherine",16,"23","04/01/2003 10:43","3,88096883202394","43,6018571642101"
,"Fait","2308","Rue Sainte Catherine",0,"23","04/01/2003 10:48","3,88039480965608","43,6013739944997"
,"Fait","2309","Rue Anthemis",14,"23","04/01/2003 10:50","3,87994088287015","43,6012377660565"
,,"2311","Rue Alexis Alquier",34,"23","02/01/2003 11:06","3,87903855829548","43,6023718278348"
,,"2312","Rue Boyer",36,"23","02/01/2003 10:42","3,87971623457028","43,6027560971538"
,"Fait","2314","Rue Henri René",28,"23","04/01/2003 11:22","3,88241536661834","43,6023509847196"
,"Fait","2315","Rue des Aiguerelles",20,"23","04/01/2003 11:28","3,88397811437352","43,6024202499715"
,"Fait","2317","Boulevard Vieussens",24,"23","02/01/2003 11:23","3,87829929736411","43,6005143359826"
,"Fait","2319","Boulevard Rabelais",0,"23","04/01/2003 10:57","3,8808887204631","43,6009060406844"
,"Fait","2320","Boulevard Rabelais",0,"23","04/01/2003 11:13","3,88194859275347","43,6014532637561"
,"Fait","2321","Boulevard Rabelais",0,"23","04/01/2003 11:18","3,88359847214444","43,6017909208374"
,"Fait","815","faubourg figuerolle",0,,"01/06/2010 10:13","3,86479459262413","43,6064809689916"
,"Fait","116","rue de thebes",0,"11","28/05/2010 09:42","3,88824454335131","43,6077161805305"
,"Fait","2","Rue Levat",13,"1","01/01/2000 00:48","3,87865956749879","43,604487756842"
,"Fait","3","Rue du Grand st Jean",8,"1","01/06/2010 10:47","3,87701457037339","43,604819409177"
,"Fait","4","Rue Parlier",15,"1","01/06/2010 10:57","3,87695623681978","43,6050427423355"
,"Fait","5","Rue du Plan du Parc",7,"1","01/06/2010 10:42","3,87602290390195","43,6060177354899"
,"Fait","6","Rue Durand",54,"1","01/06/2010 11:14","3,87707956888483","43,605711077827"
,"Fait","7","Rue Durand",0,"1","01/06/2010 11:16","3,87769123472543","43,6054327495603"
,"Fait","8","Rue Durand",0,"1","01/06/2010 11:17","3,8783279006359","43,6050710880702"
,"Fait","9","Rue Henri Guinier",25,"1","01/06/2010 10:44","3,8766695706611","43,6050944065012"
,"Fait","11","Rue du General Lafon",15,"1","01/06/2010 10:48","3,8766295717984","43,6044027383786"
,"Fait","12","Rue Dessale-Possel",16,"1","01/06/2010 10:50","3,8764612401892","43,603501068756"
,"Fait","13","Rue albert Leenhardt",19,"1","01/06/2010 10:52","3,87687290588836","43,6035777392746"
,"Fait","305","Rue de l Ecole de Droit",30,"3","31/05/2010 11:10","3,8698911496025","43,610007021052"
,"Fait","309","Rue Emile Zola",33,"3","31/05/2010 10:33","3,86826504852351","43,6094198113856"
,"Fait","313","Rue du Faubourg du Courreau",30,"3","31/05/2010 11:16","3,86951791293614","43,6086160151878"
,"Fait","314","Rue du Faubourg du Courreau",0,"3","31/05/2010 10:02","3,87104124377508","43,6082693614395"
,"Fait","315","Rue du Faubourg du Courreau",0,"3","31/05/2010 09:58","3,87235339513687","43,6082934927339"
,"Fait","318","Rue General Campredon",11,"3","31/05/2010 11:32","3,8731345755729","43,6065727105125"
,"Fait","319","Rue Paul Brousse",0,"3","31/05/2010 09:47","3,87293563313858","43,6078213523988"
,"Fait","601","Rue Rondelet",33,"6","01/06/2010 14:44","3,87508624119593","43,6046877249073"
,"Fait","602","Rue Curie",6,"6","01/06/2010 14:36","3,87484957609624","43,6039893882887"
,"Fait","603","Rue St Denis",16,"6","01/06/2010 14:35","3,87405624414504","43,6041510480503"
,"Fait","604","Rue de Belfort",17,"6","01/06/2010 14:13","3,87394124483681","43,6038593798542"
,"Fait","605","Place Rondelet",19,"6","01/06/2010 14:11","3,87464624428863","43,6032760519345"
,"Fait","606","Rue Ernest Michel",64,"6","01/06/2010 13:42","3,87384291342183","43,60276104378"
,"Fait","607","Rue de Bercy",51,"6","01/06/2010 13:49","3,87343791352045","43,6032343742375"
,"Fait","608","Rue Etienne Antoine",19,"6","01/06/2010 13:47","3,87373791228476","43,6036277109565"
,"Fait","609","Rue Carlencas",13,"6","01/06/2010 13:45","3,87386457938491","43,6031827113542"
,"Fait","610","Rue Enclos Fermaud",73,"6","01/06/2010 14:03","3,87202958414742","43,6025743603078"
,"Fait","611","Rue Enclos Fermaud",0,"6","01/06/2010 14:06","3,87333791565178","43,6020077045724"
,"Fait","612","Av Georges Clemenceau",67,"6","01/06/2010 13:52","3,8730329132108","43,603964371814"
,"Fait","613","Av Georges Clemenceau",0,"6","01/06/2010 13:53","3,87347291184757","43,6042560429554"
,"Fait","614","Av Georges Clemenceau",0,"6","01/06/2010 13:54","3,87368624444776","43,6044443785342"
,"Fait","616","Av Georges Clemenceau",0,"6","01/06/2010 13:58","3,87200624971833","43,6032960280255"
,"Fait","617","Av Georges Clemenceau",0,"6","01/06/2010 14:00","3,87064458708319","43,6025376809807"
,"Fait","1015","Quai Laurens",27,"10","26/05/2010 10:31","3,88861121295453","43,6050395140241"
,"Fait","1016","Quai Laurens",0,"10","01/01/2000 23:18","3,88915787897258","43,6046945185556"
,"Fait","1017","Rue Mathieu Laurens",28,"10","01/01/2000 23:37","3,89067620869122","43,6050628659959"
,"Fait","1018","Rue Conte de Melgueil",4,"10","01/01/2000 23:16","3,89002787810131","43,6040195256529"
,"Fait","1019","Place Faulquier",22,"10","01/01/2000 23:40","3,89199787201503","43,6055395450743"
,"Fait","1020","AVE Albert Dubout",47,"10","01/01/2000 23:20","3,88903454594728","43,6046545173963"
,"Fait","1021","Chemin de Moulares",44,"10","01/01/2000 23:12","3,89248620573035","43,6044978817273"
,"Fait","1022","Rue de la Fontaine de Lattes",55,"10","01/01/2000 23:14","3,89109120852993","43,6045495358486"
,"Fait","1023","Av du Pont Juvenal",0,"10","01/01/2000 23:42","3,89271453715553","43,6055862182365"
,"Fait","1024","Av du Pont Juvenal",0,"10","02/01/2000 00:00","3,89359953521423","43,6056878929651"
,"Fait","1025","Rue des fuchsias",8,"10","01/01/2000 23:58","3,89397786803398","43,60548956284"
,"Fait","1026","Rue des Pensées",39,"10","01/01/2000 23:55","3,89491953290693","43,6053879045517"
,"Fait","1027","Rue des Cyclamens",9,"10","01/01/2000 23:48","3,89407286835066","43,6050978966464"
,"Fait","1028","Chemin des Barques",21,"10","01/01/2000 23:46","3,89386953600703","43,6046595610495"
,"Fait","1029","Boulevard des Consuls de Mer",21,"10","01/01/2000 22:53","3,89400953659852","43,6039862283203"
,"Fait","1031","Chemin de Moulares",0,"10","01/01/2000 23:03","3,89415953709322","43,6033695624092"
,"Fait","1032","Av des Droits de l Homme",26,"10","01/01/2000 22:58","3,89463786986636","43,6030378997638"
,"Fait","1033","Chemin de Moulares",0,"10","01/01/2000 23:00","3,89470453743935","43,6022328995963"
,"Fait","110","Rue de la Spirale",18,"11","28/05/2010 11:04","3,88579621305761","43,6090611603797"
,"Fait","111","Allée Henri de Montmorency",28,"11","28/05/2010 11:01","3,88670454306672","43,6101428364242"
,"Fait","112","Rue de Crete",8,"11","28/05/2010 10:54","3,89011453682739","43,6097528661241"
,"Fait","113","Allée Henri de Montmorency",0,"11","28/05/2010 10:58","3,88887953862102","43,6102378557491"
,"Fait","114","Allée du Nouveau Monde",105,"11","28/05/2010 09:32","3,88701954625608","43,6074028358902"
,"Fait","115","Allée du Nouveau Monde",0,"11","28/05/2010 09:42","3,88853121006758","43,6072595158904"
,"Fait","117","Avenue Samuel Champlain",84,"11","28/05/2010 09:47","3,88926287515774","43,6073311891767"
,"Fait","118","Avenue Samuel Champlain",0,"11","28/05/2010 09:50","3,88994120742573","43,6071061949862"
,"Fait","119","Rue leon Blum",36,"11","28/05/2010 09:57","3,89001454150509","43,606446194908"
,"Fait","1120","Rue leon Blum",0,"11","28/05/2010 09:55","3,8896712096942","43,6058395244805"
,"Fait","1121","Rue de Montreal",60,"11","28/05/2010 09:52","3,88887287712113","43,606472851371"
,"Fait","1122","Boulevard d Antigone",61,"11","28/05/2010 11:07","3,88729287640803","43,6092961739408"
,"Fait","1123","Boulevard d Antigone",0,"11","28/05/2010 10:51","3,8889278731917","43,6092628550633"
,"Fait","1124","Allée du Nouveau Monde",0,"11","28/05/2010 09:37","3,88764287829864","43,607426174818"
,"Fait","1401","Avenue Jacques Cartier",103,"14","01/01/2000 22:26","3,89295286813682","43,6070012218111"
,"Fait","1402","Avenue Jacques Cartier",0,"14","01/01/2000 22:32","3,89167120394539","43,60709121044"
,"Fait","1403","Avenue Jacques Cartier",0,"14","01/01/2000 22:30","3,89162120411552","43,6070395432717"
,"Fait","1404","Avenue Jacques Cartier",0,"14","01/01/2000 22:27","3,89301953490773","43,6068195555579"
,"Fait","1405","Avenue Jacques Cartier",0,"14","01/01/2000 22:44","3,89450453214572","43,6066279020031"
,"Fait","1406","Rue Poseidon",12,"14","01/01/2000 22:42","3,89378286743435","43,6062528951691"
,"Fait","1407","Rue de l Acropole",34,"14","01/01/2000 22:39","3,89230787028943","43,6063628820485"
,"Fait","1408","Rue Dom Bosco",31,"14","01/01/2000 22:34","3,89111453918755","43,6065078715023"
,"Fait","1409","Rue de l Epire",35,"14","01/01/2000 22:35","3,89180620485809","43,6062012107128"
,"Fait","1503","Rue de l Acropole",27,"15","28/05/2010 10:42","3,89288286529318","43,6092662234683"
,"Fait","1504","Rue d Athenes",53,"15","28/05/2010 10:39","3,89139120133241","43,6094695437897"
,"Fait","1505","Rue d Athenes",0,"15","28/05/2010 10:40","3,89202786660813","43,609561216192"
,"Fait","1506","Boulevard de l Aeroport",35,"15","28/05/2010 10:45","3,89164120187848","43,6086862118499"
,"Fait","1507","Rue Poseidon",94,"15","28/05/2010 10:13","3,89403786580697","43,6071028982834"
,"Fait","1508","Rue Poseidon",0,"15","28/05/2010 10:16","3,89422453040639","43,6084012345358"
,"Fait","1509","Rue de Rhodes",240,"15","28/05/2010 14:09","3,89584952741706","43,6081879154691"
,"Fait","1510","Rue de Rhodes",0,"15","28/05/2010 14:11","3,89569452908401","43,6071312464588"
,"Fait","1511","rue rhodes",198,"15","28/05/2010 14:06","3,89646285917789","43,6084545878336"
,"Fait","1512","Carrefour de l'aéroport international",22,"15","28/05/2010 10:19","3,8949778607835","43,6095195756155"
,"Fait","1513","Place du Pere louis",50,"15","28/05/2010 10:22","3,89613285844051","43,609551252543"
,"Fait","1514","Avenue Jean Mermoz",15,"15","28/05/2010 10:33","3,89267119813827","43,6099562222892"
,"Fait","1516","Avenue du Pirée",0,"15","28/05/2010 14:04","3,8966628594644","43,6079129224716"
,"Fait","1517","Avenue du Pirée",0,"15","28/05/2010 14:01","3,89654452717494","43,6072795875245"
,"Fait","1518","Avenue du Pirée",0,"15","28/05/2010 13:46","3,89634286399362","43,6048662502323"
,"Fait","1519","Avenue du Pirée",0,"15","28/05/2010 13:57","3,8967995286985","43,6056729217288"
,"Fait","1521","Rue du Moulin de Semalen",29,"15","28/05/2010 10:28","3,89557619220768","43,6100779147575"
,"Fait","1522","Rue d Epidaure",14,"15","28/05/2010 10:30","3,89444452790571","43,6099879046685"
,"Fait","1523","Avenue du Pont Juvenal",57,"15","28/05/2010 10:05","3,89402786599674","43,6069728980677"
,"Fait","1524","Rue des Gabares",13,"15","28/05/2010 13:54","3,89657952841842","43,6062462535913"
,"Fait","1525","Avenue Jean Mermoz",0,"15","28/05/2010 10:36","3,89121953410237","43,6101462096536"
,"Fait","1526","Rue des Gabares",0,"15","28/05/2010 13:47","3,89588453157548","43,6048862461156"
,"Fait","1527","Avenue du Pirée",0,"15","28/05/2010 13:39","3,8955912018898","43,6025179079417"
,"Fait","1528","Avenue du Pirée",0,"15","28/05/2010 13:42","3,89568453411198","43,6032312427851"
,"Fait","1601","Rue de la Mediterranée",83,"16","26/05/2010 14:09","3,88272955767084","43,6054994616472"
,"Fait","1602","Rue de la Mediterranée",0,"16","26/05/2010 14:12","3,88364622284849","43,6052328028695"
,"Fait","1603","Rue de la Mediterranée",0,"16","26/05/2010 14:17","3,88440455456379","43,6052794764262"
,"Fait","1604","Rue de la Mediterranée",0,"16","26/05/2010 14:24","3,88528288656313","43,6049528172491"
,"Fait","1605","Rue Lamartine",20,"16","26/05/2010 14:19","3,88467455351804","43,6056261459752"
,"Fait","1606","Rue de l'aire",0,"16","26/05/2010 14:21","3,88550455180042","43,6056428201261"
,"Fait","1607","Rue Francois Périer",17,"16","26/05/2010 14:33","3,88605288395604","43,6056844917752"
,"Fait","1608","Rue Francois Périer",0,"16","26/05/2010 14:30","3,88636121738467","43,6051678272382"
,"Fait","1609","Rue de Tarragone",12,"16","26/05/2010 14:29","3,88630621799302","43,604814492969"
,"Fait","1610","Rue Marie Muller",16,"16","26/05/2010 14:38","3,88769954889949","43,6045028384974"
,"Fait","1611","Quai Laffite",8,"16","26/05/2010 14:43","3,88814788056832","43,6050411765167"
,"Fait","1612","Rue Laffite",17,"16","26/05/2010 14:40","3,88817454814602","43,6043411759295"
,"Fait","1613","Rue de Lorraine",16,"16","26/05/2010 14:26","3,88456455484222","43,6048544773114"
,"Fait","1614","Rue d Alsace",12,"16","26/05/2010 14:06","3,88310955622126","43,6059661323646"
,"Fait","1615","Rue Isidore Girard",21,"16","26/05/2010 14:14","3,88405122113007","43,6058544740059"
,"Fait","1616","Quai de Sauvage",24,"16","26/05/2010 13:48","3,88241622392712","43,6062227931597"
,"Fait","1617","Rue de la Mediterranée",0,"16","26/05/2010 14:37","3,88713454996812","43,6045695001425"
,"Fait","1704","Rue richer de belleval",0,"17","31/05/2010 14:34","3,86874290820794","43,6124843487635"
,"Fait","1706","Rue magnol",21,"17","31/05/2010 14:49","3,86939123768949","43,6140876906729"
,"Fait","1707","Rue paladhile",14,"17","31/05/2010 15:25","3,86718957862199","43,6120476676836"
,"Fait","1702","Rue carre du roi",14,"17","31/05/2010 14:44","3,86850124104053","43,6130826810863"
,"Fait","1711","rue guerhardt",13,"17","31/05/2010 15:10","3,868191240636","43,6137010128603"
,"Fait","1712","Rue Gerhardt",21,"17","31/05/2010 15:08","3,86883290539099","43,6141143525355"
,"Fait","1715","boulevard henry 4",0,"17","31/05/2010 13:48","3,8738667182298","43,6147279656557"
,"Fait","1718","rue auguste broussonnet",28,"17","31/05/2010 16:15","3,87036789868366","43,6164543700225"
,"Fait","1719","Rue de la sauzede",19,"17","31/05/2010 16:11","3,87026956693266","43,6155827009635"
,"Fait","181","Boulevard des Arceaux",244,"18","01/06/2010 10:16","3,86717291303901","43,6114076663258"
,"Fait","182","Rue Hilaire ricard",14,"18","01/06/2010 10:21","3,86816791123371","43,6113160082293"
,"Fait","183","Rue Baumes",27,"18","01/06/2010 10:19","3,86753458008178","43,6107443349206"
,"Fait","184","Rue st Louis",41,"18","01/06/2010 09:51","3,86651791263664","43,6124309958658"
,"Fait","185","Rue Marcel de Serres",85,"18","01/06/2010 09:50","3,86663291212095","43,612607663876"
,"Fait","186","Rue Marcel de Serres",0,"18","01/06/2010 09:54","3,86574958071953","43,6124809892411"
,"Fait","187","Rue Marcel de Serres",0,"18","01/06/2010 09:55","3,86490124853966","43,6127809824123"
,"Fait","188","Rue Marcel de Serres",0,"18","01/06/2010 09:56","3,86447124950519","43,6127043118371"
,"Fait","189","Boulevard des Arceaux",0,"18","01/06/2010 10:12","3,86547791553655","43,611907652413"
,"Fait","1800","Rue Fontenille",15,"18","01/06/2010 09:58","3,86454458392429","43,6119709776901"
,"Fait","1801","Boulevard des Arceaux",0,"18","01/06/2010 09:59","3,86404458501761","43,611902639838"
,"Fait","1802","Boulevard des Arceaux",0,"18","01/06/2010 10:00","3,86292458707148","43,6119842968535"
,"Fait","1803","Boulevard des Arceaux",0,"18","01/06/2010 10:03","3,86186625644677","43,6116109534703"
,"Fait","1804","Boulevard des Arceaux",0,"18","01/06/2010 10:05","3,86264792136815","43,6117359605865"
,"Fait","1805","Boulevard des Arceaux",0,"18","01/06/2010 10:07","3,86357791970332","43,6116426352224"
,"Fait","1806","Boulevard des Arceaux",0,"18","01/06/2010 10:08","3,86426125177509","43,6115959744589"
,"Fait","1807","Boulevard des Arceaux",0,"18","01/06/2010 10:10","3,8652162500657","43,6114976493148"
,"Fait","1808","Rue du Jardin Durand",11,"18","01/06/2010 09:44","3,86678124481385","43,6128209989124"
,"Fait","2201","Rue Ernest Michel",41,"22","02/06/2010 10:50","3,87367124977183","43,6010610393378"
,"Fait","2202","Avenue de Maurin",87,"22","02/06/2010 10:53","3,87544458053858","43,60031438767"
,"Fait","2203","Avenue de Maurin",0,"22","02/06/2010 11:04","3,87536624666254","43,6007727210365"
,"Fait","2204","Avenue de Maurin",0,"22","02/06/2010 11:06","3,87519124563362","43,6016760542526"
,"Fait","2205","Avenue de Maurin",0,"22","02/06/2010 11:06","3,87505624480161","43,6023960542062"
,"Fait","2206","Rue Meyrueis",32,"22","02/06/2010 10:43","3,87294958345859","43,601797700672"
,"Fait","2207","Impasse Fino-Bricka",19,"22","02/06/2010 10:45","3,87261791822349","43,6013293635018"
,"Fait","2208","Rue Meyrueis",0,"22","02/06/2010 10:40","3,87166791846261","43,6024293567633"
,"Fait","2212","Rue des Orchidées",20,"22","02/06/2010 10:35","3,87130458840495","43,6008493506474"
,"Fait","2213","Rue des Orchidées",0,"22","02/06/2010 10:37","3,87180958628559","43,6015160231115"
,"Fait","2214","Boulevard Berthelot",76,"22","02/06/2010 10:31","3,86947125835318","43,6011993345118"
,"Fait","2215","Boulevard Berthelot",0,"22","02/06/2010 10:28","3,87046125706401","43,6007110093441"
,"Fait","2216","Boulevard Berthelot",0,"22","02/06/2010 10:26","3,87115792310852","43,6001843481165"
,"Fait","2217","Boulevard Berthelot",0,"22","02/06/2010 10:24","3,87218625367592","43,5996343561766"
,"Fait","2218","Boulevard Berthelot",0,"22","02/06/2010 10:21","3,87448624847187","43,5994910436239"
,"Fait","2401","Rue de Villefranche",30,"24","27/05/2010 09:32","3,87894621661455","43,6158427763247"
,"Fait","2402","Rue de Villefranche",0,"24","27/05/2010 09:37","3,87873288271555","43,6164944421127"
,"Fait","2404","Rue du 81eme R.I.",24,"24","27/05/2010 09:47","3,8778978810516","43,6186577715075"
,"Fait","2405","Rue Turgot",30,"24","27/05/2010 09:50","3,87645121642721","43,619097759842"
,"Fait","2406","Rue Lakanal",69,"24","27/05/2010 11:16","3,87601121968213","43,6175044202638"
,"Fait","2407","Rue Jugan",16,"24","27/05/2010 11:23","3,87616622099375","43,6164527532803"
,"Fait","2408","Rue de moissac",10,"24","27/05/2010 11:15","3,87583622058624","43,6171294181723"
,"Fait","2409","Rue francis Garnier",73,"24","27/05/2010 09:45","3,87760288193347","43,6184394353265"
,"Fait","2410","Rue d'Aubeterre",27,"24","27/05/2010 11:19","3,87758288304853","43,6177244340742"
,"Fait","2411","Rue Ferdinant Fabre",27,"24","27/05/2010 09:41","3,87831454917897","43,6171611061709"
,"Fait","2412","Rue lakanal",0,"24","27/05/2010 11:21","3,87666788549584","43,6172494255004"
,"Fait","2413","Rue lakanal",0,"24","27/05/2010 09:39","3,87839621660437","43,6165511059647"
,"Fait","2414","Rue lakanal",0,"24","27/05/2010 10:51","3,87409622080399","43,6191127398038"
,"Fait","2502","Rue st Vincent de paul",23,"25","27/05/2010 10:02","3,87376288304507","43,6223610756185"
,"Fait","2503","Av Bouisson bertrand",58,"25","27/05/2010 11:32","3,87285122565744","43,6174993931603"
,"Fait","2504","Av Bouisson bertrand",0,"25","27/05/2010 11:41","3,87214622624779","43,6179693879161"
,"Fait","2505","Av Bouisson bertrand",0,"25","27/05/2010 11:35","3,8716662266423","43,618291051028"
,"Fait","2506","Av Bouisson bertrand",0,"25","27/05/2010 11:37","3,87051456100486","43,6190010424336"
,"Fait","2507","Av Bouisson bertrand",0,"25","27/05/2010 11:38","3,87043289451477","43,6189860417113"
,"Fait","2508","Rue du Faubourg Boutonnet",195,"25","27/05/2010 10:06","3,87247622001324","43,6215427300968"
,"Fait","2509","Rue du Faubourg Boutonnet",0,"25","27/05/2010 10:08","3,87272288719315","43,6209260644787"
,"Fait","2510","Rue du Faubourg Boutonnet",0,"25","27/05/2010 10:10","3,87301288757291","43,6203410659569"
,"Fait","2511","Rue Moquin - Tandon",8,"25","27/05/2010 10:57","3,87240122318129","43,61961439288"
,"Fait","2513","Rue Nozeran",34,"25","27/05/2010 11:00","3,87271622448211","43,6184110602034"
,"Fait","2514","Rue Chamayou",28,"25","27/05/2010 11:02","3,87308789098043","43,6180727294803"
,"Fait","2515","Rue du Faubourg Boutonnet",0,"25","27/05/2010 11:26","3,87470955656743","43,6167960746249"
,"Fait","2516","Rue du Faubourg Boutonnet",0,"25","27/05/2010 11:08","3,87414622286052","43,617726071301"
,"Fait","2517","Rue du Faubourg Boutonnet",0,"25","27/05/2010 11:05","3,87363788958775","43,6183027345646"
,"Fait","2518","Rue du Faubourg Boutonnet",0,"25","27/05/2010 11:03","3,87340622251652","43,6188410668099"
,"Fait","2520","Rue Amoreux",7,"25","27/05/2010 11:13","3,87504955477526","43,6175410787432"
,"Fait","2522","Rue Paul Dukas",8,"25","27/05/2010 10:42","3,87399121899325","43,6204060743546"
,"Fait","2523","Rue Claude Debussy",17,"25","27/05/2010 10:40","3,87459621769551","43,620521079666"
,"Fait","2524","Rue Marie Caizergues",42,"25","27/05/2010 10:38","3,87405788612314","43,6200277409697"
,"Fait","2525","Rue d'obsen",0,"25","27/05/2010 10:54","3,8729695558636","43,619354397277"
,"Fait","2526","Rue Marie Caizergues",0,"25","27/05/2010 09:54","3,87538454980537","43,6203677527668"
,"Fait","2527","Rue de l Abbé Epée",14,"25","27/05/2010 09:59","3,87422788343884","43,6215577448935"
,"Fait","2528","Rue des Abeilles",16,"25","27/05/2010 10:49","3,87464788590243","43,6194610783977"
,"Fait","2529","Rue Achile Bege",10,"25","27/05/2010 11:10","3,87445455523865","43,617967741001"
,"Fait","2702","Rue Fructidor",16,"27","02/06/2010 15:33","3,89820786401992","43,6017895978182"
,"Fait","2703","Rue Brumaire",15,"27","02/06/2010 15:31","3,89806953006587","43,6025145971677"
,"Fait","2704","Rue Frimaire",18,"27","02/06/2010 15:30","3,89808119594696","43,6031212644516"
,"Fait","2705","Avenue Raymond Dugrand",168,"27","02/06/2010 15:07","3,89985785824058","43,60367794769"
,"Fait","2706","Avenue Raymond Dugrand",0,"27","02/06/2010 15:05","3,90018952478314","43,60307461677"
,"Fait","2707","Av Marie de Montpellier",21,"27","02/06/2010 15:35","3,89772786591034","43,6010862594988"
,"Fait","2708","Rue vendemiaire",35,"27","02/06/2010 15:20","3,8981978596637","43,6052829339815"
,"Fait","2709","nivose",25,"27","02/06/2010 15:08","3,89940285905589","43,6037796103131"
,"Fait","2710","Rue vendemiaire",0,"27","02/06/2010 15:17","3,89828952685994","43,6047096009987"
,"Fait","2711","rue de corinthe(allée de Platon)",25,"27","03/06/2010 09:47","3,89705952491883","43,6082395929567"
,"Fait","2712","rue de corinthe(allée de Platon)",0,"27","03/06/2010 09:42","3,90134785173618","43,6053812947848"
,"Fait","2713","Rue vendemiaire",0,"27","02/06/2010 15:27","3,89879119318659","43,6041546050764"
,"Fait","2714","Rue vendemiaire",0,"27","02/06/2010 15:28","3,8988411943075","43,6031712713956"
,"Fait","2715","Rue vendemiaire",0,"27","02/06/2010 15:15","3,89870285953072","43,6045596046079"
,"Fait","2716","Avenue Raymond Dugrand",0,"27","02/06/2010 15:10","3,89940952474162","43,6045612776594"
,"Fait","2717","Avenue de Boirargues",12,"27","02/06/2010 15:23","3,8995078567606","43,6054612792555"
,"Fait","2718","Rond Point Ernest Granier",90,"27","02/06/2010 15:03","3,90045452520365","43,6020879515866"
,"Fait","2719","Rond Point Ernest Granier",0,"27","02/06/2010 15:01","3,90120952241222","43,602506291599"
,"Fait","2720","Rond Point Ernest Granier",0,"27","02/06/2010 14:58","3,90154618894864","43,6018012939452"
,"Fait","2721","Rue de Famangouste",17,"27","02/06/2010 14:40","3,89910452958096","43,6011696055019"
,"Fait","2722","Rue de Raguse",26,"27","02/06/2010 14:52","3,90026119406721","43,6007796156173"
,"Fait","2723","Rue de Chio",22,"27","02/06/2010 14:49","3,89923286338538","43,6005729395277"
,"Fait","2725","Rue de Syracuse",44,"27","02/06/2010 14:45","3,89835619873552","43,6004379313735"
,"Fait","2726","Rue de syracuse",12,"27","02/06/2010 14:43","3,89801953265119","43,6005395950372"
,"Fait","2730","Rue Galata",23,"27","03/06/2010 10:21","3,90133285818416","43,5998696240462"
,"Fait","2731","rue Galata",0,"27","03/06/2010 10:18","3,90041952772408","43,6001362831434"
,"Fait","2732","Rond Point Ernest Granier",0,"27","02/06/2010 14:55","3,90061619233105","43,6013246190493"
,"Fait","2733","Avenue de la Pompignane",0,"27","03/06/2010 09:53","3,89839285258205","43,6106362734435"
,"Fait","2734","Avenue Albert Einstein",0,"27","03/06/2010 14:00","3,90113118573739","43,6053762929872"
,"Fait","1723","Rue Professeur Henri Serre",0,"17","31/05/2010 16:24","3,87303785103863","43,616777270092"
,,"401","Cours gambetta",71,"4",,"3,87341123183527","43,6058135293667"
,,"402","Cours gambetta",0,"4",,"3,86874463675896","43,6086361926751"
,,"403","Cours gambetta",0,"4",,"3,86874463675896","43,6086361926751"
,,"404","Cours gambetta",0,"4",,"3,87062913519743","43,607254706953"
,,"816","Rue du Faubourg Figuerolles",0,"8",,"3,86749184058143","43,6078336800329"
,,"819","Rue du Faubourg Figuerolles",0,"8",,"3,86547164646239","43,6067417598934"
,,"1002","Av des Etats du Languedoc",52,"10",,"3,88571960483649","43,607164041636"
,,"1003","Av des Etats du Languedoc",0,"10",,"3,88571960483649","43,607164041636"
,,"1004","Av des Etats du Languedoc",0,"10",,"3,88571960483649","43,607164041636"
,,"1005","Av du Pont Juvenal",199,"10",,"3,88393900970138","43,6062816245562"
,,"1006","Av du Pont Juvenal",0,"10",,"3,88399840989969","43,6060586247946"
,,"1007","Av du Pont Juvenal",0,"10",,"3,88497150745485","43,606384933949"
,,"1008","Av du Pont Juvenal",0,"10",,"3,88546500675663","43,6061690380994"
,,"1009","Av du Pont Juvenal",0,"10",,"3,88656910493118","43,605867247635"
,,"1010","Rue Bayard",15,"10",,"3,88480940726514","43,6067504329674"
,,"1011","Rue Jeanne d Arc",21,"10",,"3,88437740768923","43,6070674295135"
,,"1012","Rue Cité Benoit",27,"10",,"3,88334961074363","43,6063903194161"
,,"1013","Rue Cité Benoit",0,"10",,"3,8836090095896","43,6068269223231"
,,"1014","Impasse Juvenal",24,"10",,"3,89529174470724","43,6061565053823"
,,"1311","Rue Chaptal",6,"13",,"3,87064867737721","43,6053529358084"
,,"2021","Avenue du Petit Train",86,"20",,"3,89269659870356","43,6011223978273"
,,"2104","Boulevard Renouvier",0,"21",,"3,86789094757521","43,6030672746133"
,,"2322","Boulevard Rabelais",0,"23",,"3,8835212172225","43,6016429145805"
,,"2601","Rue de la Cavalerie",73,"26",,"3,88071650116614","43,6165460102233"
,,"2602","Rue de la Cavalerie",0,"26",,"3,88131439921428","43,6171037161422"
,,"2603","Rue de Substantion",56,"26",,"3,88318989612238","43,6167802318282"
,,"2606","Rue Camille Descossy",14,"26",,"3,88177219938065","43,6163922191024"
,,"2607","Rue de la Poesie",32,"26",,"3,88250339689086","43,6171514264205"
,,"2608","Rue Therese",16,"26",,"3,88075930017026","43,6171695114659"
,,"2609","Rue lunaret",73,"26",,"3,88033910091829","43,6172023079036"
,,"2610","Rue lunaret",0,"26",,"3,88119349806151","43,6180498164137"
,,"2611","Rue lunaret",0,"26",,"3,88163489660069","43,6184823207825"
,,"2612","Rue Abert",18,"26",,"3,88127799612964","43,6192647188118"
,,"2613","Rue Ernest Castan",15,"26",,"3,88067939809304","43,6186886129089"
,,"2614","Rue Louis Frederic Rouquette",29,"26",,"3,87970840139128","43,6176902031891"
,,"2615","Rue st Leon",18,"26",,"3,88164779570297","43,6190829217127"
,,"2616","Rue Ch, de Tourtoulon",13,"26",,"3,88004590100712","43,6175186058368"
,,"2617","Rue Proudhon",22,"26",,"3,88096840188005","43,6157311112539"
,,"2618","Rue du marché a Bestiaux",23,"26",,"3,88329369601133","43,6167201326422"
,,"2619","Rue lunaret",0,"26",,"3,88257139352076","43,6193977300028"
,,"2620","Rue lunaret",0,"26",,"3,88318889150628","43,6199983360446"
,,"2621","Rue Beau Sejour",51,"26",,"3,8826415946869","43,6184979294032"
,,"2622","Rue Beau Sejour",0,"26",,"3,88300919343712","43,6188870330563"
,,"2624","Avenue de Castelnau",19,"26",,"3,88391898669029","43,6224263453498"
,,"2625","Rue Yehudi Menuhim",12,"26",,"3,8839900937404","43,6173843394905"
,,"2626","Avenue de Nimes",0,"26",,"3,88444639467562","43,6161173417924"
,,"2627","Avenue de Nimes",0,"26",,"3,88444639467562","43,6161173417924"
,,"2628","Rue de Substantion",0,"26",,"3,88318989612238","43,6167802318282"
,,"2629","Rue de Substantion",0,"26",,"3,88318989612238","43,6167802318282"
,,"2801","Rue de Porto",72,"28",,"3,88011272629232","43,6003357815418"
,,"2802","Rue de Porto",0,"28",,"3,88185802196553","43,6007782981783"
,,"2803","Rue de Porto",0,"28",,"3,88453361578143","43,5993199202119"
,,"2804","Rue des Asphodeles",13,"28",,"3,88365871898165","43,6002195139189"
,,"2805","Rue de Porto",0,"28",,"3,88429621763812","43,5998727192067"
,,"2806","Rue de Porto",0,"28",,"3,88445891647781","43,5995396199917"
,,"2807","Rue de Rethel",29,"28",,"3,88182452260757","43,6003871973194"
,,"2808","Rue Frederic Fabreges",63,"28",,"3,88090752484659","43,5998918880945"
,,"2809","Rue Frederic Fabreges",0,"28",,"3,88090752484659","43,5998918880945"
,,"2810","Rue Frederic Fabreges",0,"28",,"3,88221142057137","43,5992710986712"
,,"2811","Rue Frederic Fabreges",0,"28",,"3,88524221129032","43,5980990241995"
,,"2812","Rue Frederic Fabreges",0,"28",,"3,88398181522548","43,5986168135968"
,,"2813","Rue de la Lavande",31,"28",,"3,88089922240986","43,5988887856595"
,,"2814","Rue des Boutons d'Or",36,"28",,"3,87977902562946","43,5992369761366"
,,"2815","Rue Des Paquerettes",34,"28",,"3,88074252510764","43,5998560864932"
,,"2816","Rue des Coquelicots",22,"28",,"3,8811168228972","43,5992759885788"
,,"2817","Rue des Primeveres",19,"28",,"3,88214072075902","43,5992866980541"
,,"2820","Rue des Primeveres",0,"28",,"3,88166621992265","43,5985350919411"
,,"2821","Rue des Coquelicots",0,"28",,"3,88064722176511","43,5984073821873"
,,"2822","Rue Des Paquerettes",0,"28",,"3,87992152329749","43,5984064754487"
,,"2823","Boulevard de la Perruque",32,"28",,"3,8792357286089","43,600022973026"
,,"2824","Rue Maury",20,"28",,"3,87823622948335","43,5994797625038"
,,"2825","Boulevard de la Perruque",0,"28",,"3,8790102268967","43,5990906686782"
,,"2826","Rue des Iris",33,"28",,"3,88476261438007","43,5989457215327"
,,"2827","Rue des Pervenches",18,"28",,"3,8831897181772","43,5991380074073"
,,"2828","Rue des Anemones",26,"28",,"3,88357061904042","43,5998191124176"
,,"2829","Rue Frederic Bazille",12,"28",,"3,88317921827686","43,6014083111386"
,,"2830","Boulevard de la Perruque",0,"28",,"3,87887732654823","43,5988331668127"
,,"2831","Avenue du Marechal Leclerc",12,"28",,"3,88070891732297","43,5966442785844"
,,"2832","Rue du Dr. Louis Perrier",29,"28",,"3,87469543591421","43,599049428697"
,,"2833","Rue Labbe",6,"28",,"3,87788433117067","43,600216560914"
,,"2834","Rue du Dr. Louis Perrier",0,"28",,"3,87469543591421","43,599049428697"
,,"2835","Rue Frederic Bazille",0,"28",,"3,88355661762992","43,6013083144524"
,,"2901","Rue des Chasseurs",151,"29",,"3,86415845426075","43,5974396259101"
,,"2902","Rue des Chasseurs",0,"29",,"3,86338315733857","43,5980332207009"
,,"2903","Rue des Chasseurs",0,"29",,"3,85993966887168","43,5997925950539"
,,"2904","Rue des Chasseurs",0,"29",,"3,85969646969857","43,6001081938087"
,,"2905","Rue de Font Couverte",35,"29",,"3,85578427729699","43,6004685587506"
,,"2906","Rue de Font Couverte",0,"29",,"3,85742827097353","43,6020877774715"
,,"2907","Rue de la Danse de Chevalet",15,"29",,"3,85828076661734","43,6035551884998"
,,"2908","Rue de la Danse des Treilles",8,"29",,"3,85809366703462","43,6035374867661"
,,"2909","Rue des Chasseurs",0,"29",,"3,85969646969857","43,6001081938087"
,,"2910","Avenue de Toulouse",27,"29",,"3,86617975420656","43,5991755504177"
,,"2911","Rue de la cour du Recteur",18,"29",,"3,86638325488854","43,6005380560092"
,,"2912","Rue du 56eme Regiment d Artillerie",54,"29",,"3,86269646115118","43,6014131240477"
,,"2913","Avenue Lepic",176,"29",,"3,86711745260768","43,6009849635962"
,,"2914","Avenue Lepic",0,"29",,"3,86432575797154","43,6012773386512"
,,"2915","Avenue Lepic",0,"29",,"3,86374555908535","43,6013370334721"
,,"2916","Avenue Lepic",0,"29",,"3,86374555908535","43,6013370334721"
,,"2917","Avenue Lepic",0,"29",,"3,86374555908535","43,6013370334721"
,,"2918","Rue de l Etoile Bleue",18,"29",,"3,86434705660762","43,6020614404276"
,,"2919","Avenue de Toulouse",0,"29",,"3,86672815441294","43,5997368572821"
,,"2920","Rue du 56eme Regiment d Artillerie",0,"29",,"3,86345155763807","43,6025547332802"
,,"2921","Rue St Cleophas",47,"29",,"3,86828335175884","43,5999952723914"
,,"2922","Rue St Cleophas",0,"29",,"3,86985654567595","43,5988603834094"
,,"2923","Rue de la Part Antique",5,"29",,"3,86670015431288","43,6004830588063"
,,"2926","Rue du Mas de Lemasson",59,"29",,"3,86820124971623","43,5990841687943"
,,"2927","Rue du Mas de Lemasson",0,"29",,"3,86849174780335","43,5985498698187"
,,"2928","Rue du Mas de Lemasson",0,"29",,"3,86844104795032","43,5985662693997"
,,"2929","place cardinal Verdier (Rue emile-auguste chartier)",15,"29",,"3,87034063680183","43,5956337782161"
,,"2931","Allée des Sophoras",26,"29",,"3,86973014861577","43,6000623858056"
,,"2932","Passage de l Imprimerie",14,"29",,"3,86578295571057","43,599449847651"
,,"2933","Passage Soixante Quinze",26,"29",,"3,86498675846523","43,6001563424509"
,,"2934","Passage Soixante Quinze",0,"29",,"3,86498675846523","43,6001563424509"
,,"2935","Rue de l Imprimerie",29,"29",,"3,86412526005358","43,5997976335476"
,,"2936","Rue de l Imprimerie",0,"29",,"3,86412526005358","43,5997976335476"
,,"2937","Rue des Vignes",16,"29",,"3,8615822648001","43,599542409272"
,,"2938","Rue des Salins",12,"29",,"3,86280986091599","43,5990090187364"
,,"2939","Place Tagaste",12,"29",,"3,86731105137812","43,5989945602865"
,,"2940","Rue du Professeur Jean Granier",24,"29",,"3,86761004859321","43,5981086602512"
,,"2941","Rue Azema",24,"29",,"3,86604735398368","43,5989687485228"
,,"2942","Rue Azema",0,"29",,"3,86663815192976","43,5986368529162"
,,"2943","Rue Granier",19,"29",,"3,86726134848709","43,5977618559059"
,,"2944","Rue Granier",0,"29",,"3,86726134848709","43,5977618559059"
,,"2945","Rue Fréderic Mireur",46,"29",,"3,86644874875706","43,5971661464089"
,,"2946","Rue Fréderic Mireur",0,"29",,"3,86644874875706","43,5971661464089"
,,"2947","Rue Fréderic Mireur",0,"29",,"3,86644874875706","43,5971661464089"
,,"2948","Rue Fréderic Mireur",0,"29",,"3,86644874875706","43,5971661464089"
,,"2949","Rue Guillaume Janvier",73,"29",,"3,86580674737312","43,5960372367078"
,,"2950","Rue Guillaume Janvier",0,"29",,"3,86580674737312","43,5960372367078"
,,"2951","Rue Guillaume Janvier",0,"29",,"3,86580674737312","43,5960372367078"
,,"2952","Rue Guillaume Janvier",0,"29",,"3,86580674737312","43,5960372367078"
,,"2953","Rue Guillaume Janvier",0,"29",,"3,86580674737312","43,5960372367078"
,,"2954","Rue Guillaume Janvier",0,"29",,"3,86580674737312","43,5960372367078"
,,"2955","Rue John Locke",21,"29",,"3,86768024371779","43,5961635547589"
,,"3001","Rue de Claret",182,"30",,"3,86245145427981","43,6057421308057"
,,"3002","Rue de la Croix du Capitaine",15,"30",,"3,85900606445262","43,6039369959065"
,,"3003","Rue de la Croix du Capitaine",0,"30",,"3,86373395669605","43,6027650362758"
,,"3004","Rue Edouard VII",19,"30",,"3,86391555557868","43,6032039388159"
,,"3005","Rue de Claret",0,"30",,"3,86261435436277","43,6054985317652"
,,"3006","Rue de Claret",0,"30",,"3,86402845301858","43,6045842426308"
,,"3007","Rue de Claret",0,"30",,"3,86261435436277","43,6054985317652"
,,"3008","Rue de Claret",0,"30",,"3,86517445231971","43,6035952510093"
,,"3009","Rue Anterrieu",24,"30",,"3,86588034656624","43,6061809624562"
,,"3010","Rue Anterrieu",0,"30",,"3,86445165023467","43,6057248487339"
,,"3011","Rue Bouschet de Bernard",11,"30",,"3,86601614618762","43,6062428637942"
,,"3012","Rue Adam de Crapone",15,"30",,"3,86705234478602","43,6058157722667"
,,"3013","Rue A, Nourit",28,"30",,"3,86691954675172","43,6047871691022"
,,"3014","Rue du Pere Bonnet",17,"30",,"3,8666090449365","43,6062712691636"
,,"3015","Rue du Pere Fabre",11,"30",,"3,8659605442151","43,6074995657416"
,,"3017","Rue de Reynes",10,"30",,"3,86340115079957","43,6066556411954"
,,"3018","Rue des Cigales",22,"30",,"3,8628012504616","43,6075694377055"
,,"3019","Rue Tour Gayraud",20,"30",,"3,86189985237357","43,6075127295499"
,,"3021","Rue de la Fontaine Berthomieu",22,"30",,"3,86234385441264","43,6057927299445"
,,"3022","Rue de la Fontaine Berthomieu",0,"30",,"3,86173735642326","43,6053400235498"
,,"3023","Rue de Font Carrade",23,"30",,"3,85710146164822","43,6077316872533"
,,"3024","Rue Jacques Prevert",18,"30",,"3,85849266011229","43,6070125980625"
,,"3025","Rue Remy Belleau",53,"30",,"3,85765796227435","43,6067427900017"
,,"3026","Rue Ronsard",52,"30",,"3,85967185828115","43,6066959079127"
,,"3027","Rue de Font Carrade",0,"30",,"3,85710146164822","43,6077316872533"
,,"3028","Rue B,Lecache",23,"30",,"3,86106615224554","43,608562824334"
,,"3029","Rue Haguenot",21,"30",,"3,86431634630848","43,608225552528"
,,"3030","Rue Baque",27,"30",,"3,86566094309046","43,6085390650996"
,,"3031","Rue Pages",5,"30",,"3,865962141913","43,6088854684477"
,,"3032","Square Figuerolles",34,"30",,"3,86439564919059","43,606414349612"
,,"3033","Rue de Claret",0,"30",,"3,86261435436277","43,6054985317652"
,,"3034","Rue de Claret",0,"30",,"3,86598115194592","43,6028176567938"
,,"3101","Avenue de Lodeve",104,"31",,"3,86550384199871","43,6093840653568"
,,"3102","Avenue de Lodeve",0,"31",,"3,86437204389278","43,6095981557626"
,,"3103","Avenue de Lodeve",0,"31",,"3,86268144679191","43,6098698413648"
,,"3104","Avenue de Lodeve",0,"31",,"3,85942075255783","43,6102740134285"
,,"3105","Avenue de Lodeve",0,"31",,"3,86170204853299","43,6099880329571"
,,"3106","Avenue de Lodeve",0,"31",,"3,86516594256255","43,6094493624934"
,,"3107","Avenue de Lodeve",0,"31",,"3,86338304558372","43,6097609473437"
,,"3108","rue marioge",16,"31",,"3,86565583926174","43,6108490695557"
,,"3109","Rue Marioge",0,"31",,"3,86565583926174","43,6108490695557"
,,"3110","Rue Maillard",10,"31",,"3,86499934016115","43,6110859642426"
,,"3111","Rue Delmas",30,"31",,"3,86373134466994","43,6098926506883"
,,"3112","Rue Delmas",0,"31",,"3,86389174369135","43,6102847528934"
,,"3113","Rue Raoul",17,"31",,"3,86331054432605","43,6105896483843"
,,"3114","Rue Marc",9,"31",,"3,86186984560924","43,6115038375882"
,,"3115","Rue Georges",17,"31",,"3,86249714508941","43,6110853422359"
,,"3116","Rue Condorcet",14,"31",,"3,86259184443563","43,6113602436325"
,,"3117","Place Vercingetorix",0,"31",,"3,86237704589479","43,6107512404917"
,,"3118","Rue de la tour Buffel",12,"31",,"3,85722295925094","43,6089483910689"
,,"3119","Impasse de la tour Buffel",20,"31",,"3,85686645862634","43,6097015896071"
,,"3201","Boulevard Benjamin Milhaud",28,"32",,"3,86146414575536","43,6118833348193"
,,"3202","Rue Boussinesq",22,"32",,"3,85861415112829","43,6120024100982"
,,"3203","Avenue de l Ecole de l Agriculture G, Buchet",55,"32",,"3,85815424856817","43,6139735104067"
,,"3204","Avenue de l Ecole de l Agriculture G, Buchet",0,"32",,"3,85815424856817","43,6139735104067"
,,"3205","Avenue de l Ecole de l Agriculture G, Buchet",0,"32",,"3,85815424856817","43,6139735104067"
,,"3206","Rue Valette",9,"32",,"3,86194384421517","43,6122350397527"
,,"3207","Rue Marcel de Serres",31,"32",,"3,86467693804976","43,6127273646512"
,,"3208","Rue Marcel de Serres",0,"32",,"3,86467693804976","43,6127273646512"
,,"3209","Place du Pere Regis",6,"32",,"3,86628923336079","43,613663880534"
,,"3210","Avenue de la Gaillarde",37,"32",,"3,86040044246096","43,6149979321012"
,,"3211","Avenue de la Gaillarde",0,"32",,"3,86040044246096","43,6149979321012"
,,"3212","Rue des Roses",10,"32",,"3,86425313600419","43,6144388643479"
,,"3213","Rue de Louvain",21,"32",,"3,85944384556797","43,6142664222466"
,,"3214","Rue de Louvain",0,"32",,"3,85944384556797","43,6142664222466"
,,"3215","Rue des Reves",24,"32",,"3,86194604338683","43,6127176407709"
,,"3216","Rue Duchesse d Abrantes",34,"32",,"3,86172604329179","43,6130238394846"
,,"3217","Avenue d Assas",161,"32",,"3,86281663623695","43,615934254921"
,,"3218","Avenue d Assas",0,"32",,"3,86281663623695","43,615934254921"
,,"3219","Avenue d Assas",0,"32",,"3,86281663623695","43,615934254921"
,,"3220","Avenue d Assas",0,"32",,"3,86281663623695","43,615934254921"
,,"3221","Avenue d Assas",0,"32",,"3,86281663623695","43,615934254921"
,,"3222","Avenue d Assas",0,"32",,"3,86281663623695","43,615934254921"
,,"3223","Avenue d Assas",0,"32",,"3,86281663623695","43,615934254921"
,,"3224","Avenue d Assas",0,"32",,"3,86281663623695","43,615934254921"
,,"3225","Rue des Freres Platter",20,"32",,"3,85855704558959","43,6152314166524"
,,"3226","Rue des Freres Platter",0,"32",,"3,85855704558959","43,6152314166524"
,,"3227","Rue de Coimbra",12,"32",,"3,85853714766882","43,6140648139343"
,,"3301","Allée Jullian",15,"33",,"3,86548473219633","43,6153024767109"
,,"3302","Ruer P, de Rouville",23,"33",,"3,86578823027687","43,6161098808913"
,,"3303","Rue de Las Sorbes",13,"33",,"3,85964654122671","43,6165431288823"
,,"3304","Rue Hippolyte Rech",18,"33",,"3,86408142841849","43,6191561722129"
,,"3305","Rue du Pous de la Sers",104,"33",,"3,86333212960495","43,6192820660859"
,,"3306","Rue Louis Roumieux",35,"33",,"3,86288733598082","43,6160058556759"
,,"3307","Rue Louis Roumieux",0,"33",,"3,86353123402551","43,6164375620933"
,,"3308","Rue Bartholdi",27,"33",,"3,86068563418383","43,6194893440026"
,,"3309","Rue Bartholdi",0,"33",,"3,86060833443084","43,6194294432199"
,,"3310","Avenue du Pere Soulas",27,"33",,"3,86198683256419","43,6190177540977"
,,"3311","Rue du Pous de la Sers",0,"33",,"3,86333212960495","43,6192820660859"
,,"3312","Rue du Pous de la Sers",0,"33",,"3,86333212960495","43,6192820660859"
,,"3313","Rue Faubourg St Jaumes",15,"33",,"3,86976892434976","43,6150762133592"
,,"3314","Rue Marguerite",17,"33",,"3,86897732563501","43,6152211067694"
,,"3315","Rue du Dalia",14,"33",,"3,86819432770965","43,6148687993449"
,,"3316","Avenue Chancel",23,"33",,"3,86954322433037","43,6153574119106"
,,"3317","Avenue Chancel",0,"33",,"3,86961872322573","43,6159542136339"
,,"3318","Avenue Charles Flahault",70,"33",,"3,86530922454778","43,6201063845018"
,,"3319","Avenue Charles Flahault",0,"33",,"3,86545642470592","43,6198464852496"
,,"3320","Avenue Charles Flahault",0,"33",,"3,86299482370167","43,6231480709799"
,,"3321","Rue de la Portaliere des Masques",12,"33",,"3,86644772958476","43,6157672859243"
,,"3322","Rue des Verveines",10,"33",,"3,8650365297897","43,6172620766586"
,,"3323","Rue des Verveines",0,"33",,"3,86446183012528","43,6177110726115"
,,"3401","Rue des Hospices",33,"34",,"3,86462181866491","43,6243963870318"
,,"3402","Rue des Hospices",0,"34",,"3,86462181866491","43,6243963870318"
,,"3403","Rue des Hospices",0,"34",,"3,86462181866491","43,6243963870318"
,,"3404","Rue Paul Baron",13,"34",,"3,86491822161274","43,6223043854528"
,,"3405","Avenue Pierre Adhemar",73,"34",,"3,86661021807953","43,6225731001777"
,,"3406","Avenue Pierre Adhemar",0,"34",,"3,86661021807953","43,6225731001777"
,,"3407","Avenue Pierre Adhemar",0,"34",,"3,86661021807953","43,6225731001777"
,,"3408","Avenue Pierre Adhemar",0,"34",,"3,86661021807953","43,6225731001777"
,,"3409","Rue Monteil",17,"34",,"3,86962721262757","43,6225408254503"
,,"3410","Avenue du Professeur Grasset",41,"34",,"3,86805111488687","43,6229204129095"
,,"3411","Avenue du Professeur Grasset",0,"34",,"3,86805111488687","43,6229204129095"
,,"3412","Rue Emile Duploye",37,"34",,"3,86899991164285","43,623861422551"
,,"3413","Rue Emile Duploye",0,"34",,"3,86899991164285","43,623861422551"
,,"3414","Avenue du Professeur Grasset",0,"34",,"3,86805111488687","43,6229204129095"
,,"3415","Avenue du Professeur Grasset",0,"34",,"3,86805111488687","43,6229204129095"
,,"3416","Rue Emile Duploye",0,"34",,"3,86899991164285","43,623861422551"
,,"3417","Avenue du Professeur Grasset",0,"34",,"3,86805111488687","43,6229204129095"
,,"3418","Rue Sebastien Lenorman",32,"34",,"3,866252415628","43,6244576007322"
,,"3419","Rue Atgier Hazard",34,"34",,"3,86632361753033","43,6232240990004"
,,"3420","Avenue du Professeur Grasset",0,"34",,"3,86805111488687","43,6229204129095"
,,"3421","Rue Gustave Courbet",46,"34",,"3,86632361753033","43,6232240990004"
,,"3422","Rue Atgier Hazard",0,"34",,"3,86632361753033","43,6232240990004"
,,"3423","Rue de Forcrand",58,"34",,"3,86723781905897","43,6212743030329"
,,"3424","Rue Hedon",47,"34",,"3,86628621977673","43,6219015961881"
,,"3425","Rue de l Ecole Normale",40,"34",,"3,86686612039116","43,6208792991554"
,,"3426","Rue de l Ecole Normale",0,"34",,"3,86686612039116","43,6208792991554"
,,"3427","Avenue du Professeur Grasset",0,"34",,"3,86805111488687","43,6229204129095"
,,"3428","Avenue du Professeur Grasset",0,"34",,"3,86805111488687","43,6229204129095"
,,"3429","Rue Crova",18,"34",,"3,86723781905897","43,6212743030329"
,,"3430","Rue de Forcrand",0,"34",,"3,86723781905897","43,6212743030329"
,,"3431","Rue du Colonel Marchand",18,"34",,"3,86990991309784","43,6219250267376"
,,"3501","Route de Mende",127,"35",,"3,87169181197673","43,6239424245207"
,,"3502","Route de Mende",0,"35",,"3,87096060600197","43,6251818411984"
,,"3503","Route de Mende",0,"35",,"3,87096060600197","43,6251818411984"
,,"3504","Route de Mende",0,"35",,"3,87096060600197","43,6251818411984"
,,"3505","Route de Mende",0,"35",,"3,8707957059082","43,6254268402513"
,,"3506","Route de Mende",0,"35",,"3,87039230567069","43,62602863795"
,,"3507","Rue des Scarabées",29,"35",,"3,87385649895966","43,6263776671856"
,,"3508","Rue des Scarabées",0,"35",,"3,87385649895966","43,6263776671856"
,,"3509","Rue du Pioch de Boutonnet",55,"35",,"3,87746029129257","43,6272169982223"
,,"3510","Rue du Pioch de Boutonnet",0,"35",,"3,87746029129257","43,6272169982223"
,,"3511","Rue Pierre Larousse",16,"35",,"3,8770399954866","43,6249298913182"
,,"3512","Rue Emile Littre",31,"35",,"3,87595879732276","43,6249991824338"
,,"3513","Rue du Pioch de Boutonnet",0,"35",,"3,87746029129257","43,6272169982223"
,,"3514","Rue du Pioch de Boutonnet",0,"35",,"3,87746029129257","43,6272169982223"
,,"3515","Rue de l Hirondelle",25,"35",,"3,88782597598543","43,6250165811368"
,,"3516","Rue de l Hirondelle",0,"35",,"3,88684577730838","43,6253329733535"
,,"3517","Avenue de Castelnau",62,"35",,"3,88391898669029","43,6224263453498"
,,"3518","Avenue de Castelnau",0,"35",,"3,88391898669029","43,6224263453498"
,,"3519","Avenue de Castelnau",0,"35",,"3,88391898669029","43,6224263453498"
,,"3520","Avenue de Castelnau",0,"35",,"3,88391898669029","43,6224263453498"
,,"3523","Rue Max Mousseron",81,"35",,"3,88563908548474","43,6210422581236"
,,"3524","Rue Max Mousseron",0,"35",,"3,88563908548474","43,6210422581236"
,,"3525","Rue Max Mousseron",0,"35",,"3,88563908548474","43,6210422581236"
,,"3526","Rue Max Mousseron",0,"35",,"3,88563908548474","43,6210422581236"
,,"3527","Avenue St Lazare",116,"35",,"3,88797067956623","43,6222164791725"
,,"3528","Avenue St Lazare",0,"35",,"3,88797067956623","43,6222164791725"
,,"3529","Avenue St Lazare",0,"35",,"3,88797067956623","43,6222164791725"
,,"3530","Avenue St Lazare",0,"35",,"3,88797067956623","43,6222164791725"
,,"3531","Avenue St Lazare",0,"35",,"3,88797067956623","43,6222164791725"
,,"3532","Avenue St Lazare",0,"35",,"3,88797067956623","43,6222164791725"
,,"3533","Avenue St Lazare",0,"35",,"3,88797067956623","43,6222164791725"
,,"3534","Avenue St Lazare",0,"35",,"3,88797067956623","43,6222164791725"
,,"3535","Avenue St Lazare",0,"35",,"3,88797067956623","43,6222164791725"
,,"3536","Avenue St Lazare",0,"35",,"3,88797067956623","43,6222164791725"
,,"3537","Rue de Nazareth",26,"35",,"3,87965179585717","43,6215036081673"
,,"3538","Rue de Nazareth",0,"35",,"3,87965179585717","43,6215036081673"
,,"3539","Rue de Nazareth",0,"35",,"3,87965179585717","43,6215036081673"
,,"3540","Rue de Nazareth",0,"35",,"3,87965179585717","43,6215036081673"
,,"3541","rue françois delmas",8,"35",,"3,89132597292663","43,622585207783"
,,"3542","rue françois delmas",7,"35",,"3,89132597292663","43,622585207783"
,,"3601","Avenue St Maur",48,"36",,"3,89355487420055","43,6184778226287"
,,"3602","Avenue St Maurice de Sauret",62,"36",,"3,89321807201137","43,6206371218235"
,,"3603","Avenue St Maurice de Sauret",0,"36",,"3,89321807201137","43,6206371218235"
,,"3604","Avenue St Maurice de Sauret",0,"36",,"3,89321807201137","43,6206371218235"
,,"3605","Boulevard mounie",13,"36",,"3,89045608007104","43,6184457961121"
,,"3606","Rue Val Marie",19,"36",,"3,88842278298536","43,6191102794853"
,,"3607","Boulevard Ernest Renan",16,"36",,"3,88851648570765","43,6169914778933"
,,"3608","Avenue Xavier de Ricard",73,"36",,"3,88963187914315","43,6202774910566"
,,"3609","Avenue Xavier de Ricard",0,"36",,"3,88963187914315","43,6202774910566"
,,"3610","Avenue Xavier de Ricard",0,"36",,"3,88963187914315","43,6202774910566"
,,"3611","Avenue Xavier de Ricard",0,"36",,"3,88963187914315","43,6202774910566"
,,"3612","Avenue Xavier de Ricard",0,"36",,"3,88963187914315","43,6202774910566"
,,"3613","Avenue St Maur",0,"36",,"3,89319497623823","43,6174377185485"
,,"3614","Rue des Chardonnerets",19,"36",,"3,89210247367703","43,620941412676"
,,"3615","Rue des Tiercelets",22,"36",,"3,89210247367703","43,620941412676"
,,"3616","Rue des bergeronnettes",20,"36",,"3,89056337714596","43,6204766991675"
,,"3617","Boulevard Ernest Renan",0,"36",,"3,88851648570765","43,6169914778933"
,,"3618","Rue des Loriots",23,"36",,"3,89311577107555","43,6214977217825"
,,"3619","Rue des Loriots",0,"36",,"3,89311577107555","43,6214977217825"
,,"3701","Rue du Moulin de semalen",133,"37",,"3,89255468399428","43,6124730081057"
,,"3702","Rue du Moulin de semalen",0,"37",,"3,89255468399428","43,6124730081057"
,,"3703","Rue du Moulin de semalen",0,"37",,"3,89255468399428","43,6124730081057"
,,"3704","Rue du Moulin de semalen",0,"37",,"3,89255468399428","43,6124730081057"
,,"3705","Rue du Moulin de semalen",0,"37",,"3,89255468399428","43,6124730081057"
,,"3706","Rue du Moulin de semalen",0,"37",,"3,89255468399428","43,6124730081057"
,,"3707","Rue du Moulin de semalen",0,"37",,"3,89255468399428","43,6124730081057"
,,"3710","Rue d Epidaure",16,"37",,"3,89451658160935","43,6113495242311"
,,"3711","Allée de Corfou",48,"37",,"3,89559028060975","43,610477732888"
,,"3712","Rue du Moulin de semalen",0,"37",,"3,89255468399428","43,6124730081057"
,,"3713","Rue des Pradiers",69,"37",,"3,89058538599499","43,6138514923395"
,,"3714","Rue des Pradiers",0,"37",,"3,89058538599499","43,6138514923395"
,,"3715","Rue des Pradiers",0,"37",,"3,89058538599499","43,6138514923395"
,,"3716","Rue des Pradiers",0,"37",,"3,89058538599499","43,6138514923395"
,,"3717","Rue de la Pepiniere",68,"37",,"3,89168238240661","43,6149507030216"
,,"3718","Rue de la Pepiniere",0,"37",,"3,89168238240661","43,6149507030216"
,,"3719","Rue de la Pepiniere",0,"37",,"3,89168238240661","43,6149507030216"
,,"3720","Avenue St Maur",135,"37",,"3,88426719633036","43,6151947390628"
,,"3721","Rue de l Equerre",11,"37",,"3,89112898187125","43,616149099476"
,,"3722","Avenue St Maur",0,"37",,"3,88502609433925","43,615572146108"
,,"3723","Avenue St Maur",0,"37",,"3,88762778977766","43,6152647682423"
,,"3724","Avenue St Maur",0,"37",,"3,88835008803626","43,6155230747899"
,,"3725","Boulevard Warnery",69,"37",,"3,8877050904929","43,6146386681817"
,,"3726","Boulevard Warnery",0,"37",,"3,88859988908304","43,6144078756853"
,,"3727","Avenue Jean Mermoz",12,"37",,"3,88948009040668","43,6121808808631"
,,"3728","Rue de la Fauvette",45,"37",,"3,88498839557055","43,6147523447495"
,,"3729","Avenue Xavier de Ricard",19,"37",,"3,88484769441443","43,6157605448037"
,,"3730","Avenue St Maur",0,"37",,"3,88958928509525","43,615939885964"
,,"3731","Boulevard Ernest Renan",47,"37",,"3,88851648570765","43,6169914778933"
,,"3732","Rue des Pinsons",14,"37",,"3,88595469169094","43,6161922548948"
,,"3733","Boulevard Ernest Renan",0,"37",,"3,88851648570765","43,6169914778933"
,,"3734","Boulevard Ernest Renan",0,"37",,"3,88851648570765","43,6169914778933"
,,"3735","Avenue Xavier de Ricard",0,"37",,"3,88495359406811","43,6158621458463"
,,"3736","Rue du Professeur Lombard",16,"37",,"3,89060588206207","43,6167513956018"
,,"3737","Rue du Professeur Sarda",29,"37",,"3,88793118611434","43,6175037734513"
,,"3738","Rue Lacombe",20,"37",,"3,88849708691808","43,6161339767548"
,,"3739","Rue Lacombe",0,"37",,"3,88849708691808","43,6161339767548"
,,"3740","Rue Guynemer",13,"37",,"3,88571429247043","43,6159638525403"
,,"0","Rue d'Alger",0,"1",,"3,87754712399232","43,6054257659154"
,,"0","Place Laissac",0,"1",,"3,87670212509513","43,6058351589588"
,,"0","Rue Campan",0,"2",,"3,8825815105343","43,607612414201"
,,"0","Rue Boussairolles",0,"2",,"3,88141841281657","43,6076556038853"
,,"0","Passage Belugou",0,"2",,"3,88148031255521","43,6077490045685"
,,"0","Rue des Soldats",0,"3",,"3,87141203282074","43,6077553148228"
,,"0","Place Leroy Beaulieu",0,"3",,"3,86689893925125","43,6093655776745"
,,"0","Rue de la Tour Sainte Eulalie",0,"3",,"3,8698690320727","43,6101506053917"
,,"0","Rue General Vincent",0,"4",,"3,86764563888985","43,6086778829931"
,,"0","Sébastien Bourdon",0,"6",,"3,87306683466927","43,6044556239602"
,,"0","Rue Galavielle",0,"8",,"3,87401583188513","43,6049907334229"
,,"0","Rue St Barthelemy",0,"8",,"3,87367163233484","43,6051541305966"
,,"0","Rue Brueys",0,"8",,"3,87320023293364","43,6053873267481"
,,"0","Rue Daniel Sage",0,"9",,"3,88191070042314","43,6154928190684"
,,"0","Rue Bornier",0,"13",,"3,86851524114129","43,6062244861626"
,,"0","Rue de l Aire",0,"16",,"3,88531590847624","43,6051679354848"
,,"0","Rue Pralon",0,"16",,"3,8839308108485","43,6054922234383"
,,"0","Rue Vezian",0,"18",,"3,8655812377092","43,6118717708897"
,,"0","Rue des Reves",0,"18",,"3,86194604338683","43,6127176407709"
,,"0","Rue Farges",0,"19",,"3,88197501719994","43,6038767035919"
,,"0","Rue de la Nuit du 4 aout 1789",0,"20",,"3,89433889580825","43,6006962124409"
,,"0","Place Paul Vigne d'Octon",0,"20",,"3,89463479439241","43,6013064157415"
,,"0","Plan Pasquier",0,"20",,"3,88828150475508","43,6034594601901"
,,"0","Rue Roudil",0,"21",,"3,87015254111691","43,6041696971332"
,,"0","Rue Bazille Balard",0,"21",,"3,87063486120071","43,6040120396324"
,,"0","Rue Etienne Cardaire",0,"21",,"3,8685267435737","43,6047156834582"
,,"0","Boulevard Vieussens",0,"22",,"3,8775766319324","43,6001422579741"
,,"0","Rue Ramel",0,"22",,"3,87267154022072","43,6014492152093"
,,"0","Rue Bonnie",0,"22",,"3,87483973404669","43,602504836755"
,,"0","Rue Coulondre",0,"23",,"3,88259721864025","43,6019983066355"
,,"0","Rue st Hubert",0,"23",,"3,88008532355743","43,6022186840587"
,,"0","Rue du Pavillon",0,"23",,"3,87940202415286","43,6027745786634"
,,"0","Rue de Plagne",0,"24",,"3,87551891091479","43,6166372656224"
,,"0","Rue st Alexis",0,"24",,"3,87584980956582","43,6171081692105"
,,"0","Rue renaud de Villeneuve",0,"24",,"3,87823360494043","43,6171799897918"
,,"0","Rue Ferrare",0,"24",,"3,87758720530808","43,6177487851006"
,,"0","Rue de Cezelli",0,"25",,"3,87509351036504","43,6175202633736"
,,"0","Rue de la Tuilerie",0,"25",,"3,87487811043416","43,6177395618786"
,,"0","Rue Dubreuil",0,"25",,"3,87220581498986","43,6180480395116"
,,"0","Rue du Dahomey",0,"25",,"3,87322651293176","43,6181355483888"
,,"0","Rue de Cronstadt",0,"25",,"3,87240061334072","43,6188639425558"
,,"0","Rue d'Obsen",0,"25",,"3,8733206106901","43,6194590513847"
,,"0","rue Henri",0,"26",,"3,88075930017026","43,6171695114659"
,,"0","Rue du Micocoulier",0,"26",,"3,87970840139128","43,6176902031891"
,,"0","Rue Canton",0,"26",,"3,88104539851807","43,6179284149777"
,,"0","Rue Messidor",0,"27",,"3,89807478567632","43,6024979482056"
,,"0","Rue des Etats Generaux",0,"27",,"3,89875138286757","43,6036207552808"
,,"0","Rue Thetis",0,"27",,"3,89804518069176","43,606523051298"
,,"0","Rue Galatée",0,"27",,"3,89833777948002","43,6070169543254"
,,"0","Rue Alcyone",0,"27",,"3,89821257811324","43,6083134542687"
,,"0","Rue des Clematites",0,"28",,"3,88047232144628","43,5981257798934"
,,"0","Rue Denise",0,"28",,"3,87834692924039","43,5994760635149"
,,"0","Rue Al. Maury",0,"28",,"3,87823622948335","43,5994797625038"
,,"0","Rue des Amarantes",0,"28",,"3,88165002349817","43,5999819951278"
,,"0","Rue des Narcisses",0,"28",,"3,88173892225259","43,6007532970521"
,,"0","Rue Jules Troubat",0,"29",,"3,86562585141157","43,5975431399499"
,,"0","Rue Pierre Galen",0,"29",,"3,8645632562025","43,5985920335448"
,,"0","Place de l Abbé Crebassol",0,"29",,"3,86798685233087","43,5999731695996"
,,"0","Rue des Prevots",0,"29",,"3,86362115852735","43,6018207333239"
,,"0","Rue des Viguiers",0,"29",,"3,86384425741601","43,6022031361357"
,,"0","Rue de la Danse de la Treilles",0,"29",,"3,85809366703462","43,6035374867661"
,,"0","Rue de la Paille",0,"30",,"3,86591185258752","43,6025181555774"
,,"0","Rue Lafeuillade",0,"30",,"3,86401385226828","43,6050472434343"
,,"0","Rue P, Lacroix",0,"30",,"3,8635164513754","43,6061769412542"
,,"0","Rue du Printemps",0,"30",,"3,86250135081939","43,6077139353297"
,,"0","Rue Braille",0,"30",,"3,86433454466084","43,6091850546065"
,,"0","Rue Duval Jouve",0,"31",,"3,86473744191076","43,6103484604806"
,,"0","Rue des Volontaires",0,"31",,"3,86473744191076","43,6103484604806"
,,"0","Rue Hippolyte",0,"31",,"3,86336414392942","43,610761649205"
,,"0","Rue Subleyras",0,"31",,"3,86578663901502","43,610842270694"
,,"0","Rue Gustave",0,"31",,"3,86204724627684","43,6109086379136"
,,"0","Rue du Progres",0,"31",,"3,86353334272026","43,6112801517417"
,,"0","Rue Doyen de Rouville",0,"32",,"3,86219773673531","43,6163349504046"
,,"0","Rue Jean",0,"33",,"3,86897732563501","43,6152211067694"
,,"0","Rue Ribot",0,"33",,"3,86548473219633","43,6153024767109"
,,"0","Rue Theophraste Renaudot",0,"33",,"3,86578823027687","43,6161098808913"
,,"0","Rue Martin Choisy",0,"34",,"3,86962721262757","43,6225408254503"
,,"0","Rue Jacques Brives",0,"34",,"3,86603501704984","43,6238328977382"
,,"0","Rue Octavien Bringuier",0,"34",,"3,86899991164285","43,623861422551"
,,"0","Rue Edouard Marsal",0,"34",,"3,86871331115352","43,6244850212804"
,,"0","Rue Arnaud de Villeneuve",0,"34",,"3,86739671310003","43,624744410793"
,,"0","Rue Ramon Llull",0,"34",,"3,86832551034695","43,625413719733"
,,"0","Rue Cité Bousquet",0,"34",,"3,86731021135447","43,6259086122225"
,,"0","Rue du Triolet",0,"34",,"3,86177662086565","43,6261116668273"
,,"0","Rue Guy et Robert Bourrier",0,"37",,"3,88496179522777","43,6150309448702"
,,"0","impasse daube",0,"37",,"3,88727238881124","43,6164557665686"
