<?xml version="1.0"?>
<!--<!DOCTYPE metadata SYSTEM "http://www.esri.com/metadata/esriprof80.dtd">-->
<metadata xml:lang="fr"><Esri><MetaID>{40D055F8-458A-4A9E-B602-D77F59912643}</MetaID><CreaDate>20120510</CreaDate><CreaTime>16035100</CreaTime><SyncOnce>TRUE</SyncOnce><DataProperties><lineage><Process ToolSource="C:\Program Files\ArcGIS\ArcToolbox\Toolboxes\Data Management Tools.tbx\Project" Date="20120510" Time="160351">Project AirLR_LR_StationAir_2012 D:\Jérémie\A_Traiter\Entités_a$_Project.shp PROJCS['RGF93_Lambert_93',GEOGCS['GCS_RGF_1993',DATUM['D_RGF_1993',SPHEROID['GRS_1980',6378137.0,298.257222101]],PRIMEM['Greenwich',0.0],UNIT['Degree',0.0174532925199433]],PROJECTION['Lambert_Conformal_Conic'],PARAMETER['False_Easting',700000.0],PARAMETER['False_Northing',6600000.0],PARAMETER['Central_Meridian',3.0],PARAMETER['Standard_Parallel_1',44.0],PARAMETER['Standard_Parallel_2',49.0],PARAMETER['Latitude_Of_Origin',46.5],UNIT['Meter',1.0]] # GEOGCS['GCS_RGF_1993',DATUM['D_RGF_1993',SPHEROID['GRS_1980',6378137.0,298.257222101]],PRIMEM['Greenwich',0.0],UNIT['Degree',0.0174532925199433]]</Process></lineage></DataProperties></Esri></metadata>
