<?xml version="1.0"?>
<!--<!DOCTYPE metadata SYSTEM "http://www.esri.com/metadata/esriprof80.dtd">-->
<metadata xml:lang="fr"><Esri><CreaDate>20111216</CreaDate><CreaTime>10360300</CreaTime><SyncOnce>FALSE</SyncOnce><SyncDate>20120305</SyncDate><SyncTime>14302800</SyncTime><ModDate>20120305</ModDate><ModTime>14302800</ModTime><DataProperties><lineage><Process ToolSource="C:\Program Files\ArcGIS\ArcToolbox\Toolboxes\Data Management Tools.tbx\CopyFeatures" Date="20111216" Time="100120">CopyFeatures R:\Bdelection\bureau_08\arc D:\DONNEES\Nicolas\espaces_de_travail\Géodatabases_diverses\Géo_Travail.gdb\bureau_08_arc # 0 0 0</Process><Process ToolSource="C:\Program Files\ArcGIS\ArcToolbox\Toolboxes\MaToolBox.tbx\DefineProjection" Date="20111216" Time="102752">DefineProjection D:\DONNEES\Nicolas\espaces_de_travail\Géodatabases_diverses\Géo_Travail.gdb\bureau_08_arc PROJCS['Clarke_1880_RGS_Lambert_Conformal_Conic',GEOGCS['GCS_Clarke_1880_RGS',DATUM['D_Clarke_1880_RGS',SPHEROID['Clarke_1880_RGS',6378249.145,293.465]],PRIMEM['Greenwich',0.0],UNIT['Degree',0.0174532925199433]],PROJECTION['Lambert_Conformal_Conic'],PARAMETER['False_Easting',600000.0],PARAMETER['False_Northing',200000.0],PARAMETER['Central_Meridian',2.337229166666667],PARAMETER['Standard_Parallel_1',43.19929],PARAMETER['Standard_Parallel_2',44.99609444444445],PARAMETER['Latitude_Of_Origin',44.1],UNIT['Meter',1.0]],VERTCS['Unknown VCS',VDATUM['Unknown'],PARAMETER['Vertical_Shift',0.0],PARAMETER['Direction',1.0],UNIT['Meter',1.0]] D:\DONNEES\Nicolas\espaces_de_travail\Géodatabases_diverses\Géo_Travail.gdb\bureau_08_arc</Process><Process ToolSource="C:\Program Files\ArcGIS\ArcToolbox\Toolboxes\MaToolBox.tbx\Project" Date="20111216" Time="103111">Project D:\DONNEES\Nicolas\espaces_de_travail\Géodatabases_diverses\Géo_Travail.gdb\bureau_08_arc D:\DONNEES\Nicolas\espaces_de_travail\Géodatabases_diverses\Géo_Travail.gdb\bureau_08_arc_Project PROJCS['NTF_Lambert_Zone_III',GEOGCS['GCS_NTF',DATUM['D_NTF',SPHEROID['Clarke_1880_IGN',6378249.2,293.46602]],PRIMEM['Greenwich',0.0],UNIT['Degree',0.0174532925199433]],PROJECTION['Lambert_Conformal_Conic'],PARAMETER['False_Easting',600000.0],PARAMETER['False_Northing',200000.0],PARAMETER['Central_Meridian',2.3372291667],PARAMETER['Standard_Parallel_1',43.1992913889],PARAMETER['Standard_Parallel_2',44.9960938889],PARAMETER['Scale_Factor',1.0],PARAMETER['Latitude_Of_Origin',44.1],UNIT['Meter',1.0]] # PROJCS['Clarke_1880_RGS_Lambert_Conformal_Conic',GEOGCS['GCS_Clarke_1880_RGS',DATUM['D_Clarke_1880_RGS',SPHEROID['Clarke_1880_RGS',6378249.145,293.465]],PRIMEM['Greenwich',0.0],UNIT['Degree',0.0174532925199433]],PROJECTION['Lambert_Conformal_Conic'],PARAMETER['False_Easting',600000.0],PARAMETER['False_Northing',200000.0],PARAMETER['Central_Meridian',2.337229166666667],PARAMETER['Standard_Parallel_1',43.19929],PARAMETER['Standard_Parallel_2',44.99609444444445],PARAMETER['Latitude_Of_Origin',44.1],UNIT['Meter',1.0]],VERTCS['Unknown VCS',VDATUM['Unknown'],PARAMETER['Vertical_Shift',0.0],PARAMETER['Direction',1.0],UNIT['Meter',1.0]]</Process><Process ToolSource="C:\Program Files\ArcGIS\ArcToolbox\Toolboxes\MaToolBox.tbx\Project" Date="20111216" Time="103605">Project D:\DONNEES\Nicolas\espaces_de_travail\Géodatabases_diverses\Géo_Travail.gdb\bureau_08_arc_Project D:\DONNEES\Nicolas\espaces_de_travail\Géodatabases_diverses\Plan_Ville_Election_RGF1993.gdb\bureau08 PROJCS['RGF93_Lambert_93',GEOGCS['GCS_RGF_1993',DATUM['D_RGF_1993',SPHEROID['GRS_1980',6378137.0,298.257222101]],PRIMEM['Greenwich',0.0],UNIT['Degree',0.0174532925199433]],PROJECTION['Lambert_Conformal_Conic'],PARAMETER['False_Easting',700000.0],PARAMETER['False_Northing',6600000.0],PARAMETER['Central_Meridian',3.0],PARAMETER['Standard_Parallel_1',44.0],PARAMETER['Standard_Parallel_2',49.0],PARAMETER['Latitude_Of_Origin',46.5],UNIT['Meter',1.0]] RGF_1993_To_NTF_NTv2 PROJCS['NTF_Lambert_Zone_III',GEOGCS['GCS_NTF',DATUM['D_NTF',SPHEROID['Clarke_1880_IGN',6378249.2,293.46602]],PRIMEM['Greenwich',0.0],UNIT['Degree',0.0174532925199433]],PROJECTION['Lambert_Conformal_Conic'],PARAMETER['False_Easting',600000.0],PARAMETER['False_Northing',200000.0],PARAMETER['Central_Meridian',2.3372291667],PARAMETER['Standard_Parallel_1',43.1992913889],PARAMETER['Standard_Parallel_2',44.9960938889],PARAMETER['Scale_Factor',1.0],PARAMETER['Latitude_Of_Origin',44.1],UNIT['Meter',1.0]]</Process><Process ToolSource="C:\Program Files\ArcGIS\ArcToolbox\Toolboxes\Data Management Tools.tbx\FeatureToPolygon" Date="20120103" Time="160526">FeatureToPolygon bureau08 D:\DONNEES\Nicolas\espaces_de_travail\Géodatabases_diverses\Plan_Ville_Election_RGF1993.gdb\bureau08_poly # ATTRIBUTES #</Process><Process ToolSource="C:\Program Files\ArcGIS\ArcToolbox\Toolboxes\Data Management Tools.tbx\AddField" Date="20120103" Time="160811">AddField bureau08_poly Bureau LONG # # # # NULLABLE NON_REQUIRED # bureau08_poly</Process><Process ToolSource="C:\Program Files\ArcGIS\ArcToolbox\Toolboxes\Data Management Tools.tbx\AddField" Date="20120103" Time="162702">AddField bureau08_poly CANTON LONG # # # # NULLABLE NON_REQUIRED # bureau08_poly</Process><Process ToolSource="C:\Program Files\ArcGIS\ArcToolbox\Toolboxes\Data Management Tools.tbx\AddField" Date="20120103" Time="165529">AddField bureau08_poly CIRCONS LONG # # # # NULLABLE NON_REQUIRED # bureau08_poly</Process><Process ToolSource="C:\Program Files\ArcGIS\ArcToolbox\Toolboxes\Data Management Tools.tbx\AddField" Date="20120103" Time="171008">AddField bureau08_poly Nom_Bureau LONG 50 # # # NULLABLE NON_REQUIRED # bureau08_poly</Process><Process ToolSource="C:\Program Files\ArcGIS\ArcToolbox\Toolboxes\Data Management Tools.tbx\DeleteField" Date="20120104" Time="091334">DeleteField bureau08_poly Nom_Bureau bureau08_poly</Process><Process ToolSource="C:\Program Files\ArcGIS\ArcToolbox\Toolboxes\Data Management Tools.tbx\AddField" Date="20120104" Time="091402">AddField bureau08_poly Nom_Bureau TEXT # # 50 # NULLABLE NON_REQUIRED # bureau08_poly</Process><Process ToolSource="C:\Program Files\ArcGIS\ArcToolbox\Toolboxes\Conversion Tools.tbx\FeatureClassToFeatureClass" Date="20120305" Time="143029">FeatureClassToFeatureClass D:\DONNEES\Nicolas\espaces_de_travail\Géodatabases_diverses\Plan_Ville_Election_RGF1993.gdb\bureau08_poly D:\DONNEES\Nicolas\Travaux_ponctuels\Informatique\Election bureau.shp # "Shape_Leng 'Shape_Length' false true true 8 Double 0 0 ,First,#,D:\DONNEES\Nicolas\espaces_de_travail\Géodatabases_diverses\Plan_Ville_Election_RGF1993.gdb\bureau08_poly,Shape_Length,-1,-1;Shape_Area 'Shape_Area' false true true 8 Double 0 0 ,First,#,D:\DONNEES\Nicolas\espaces_de_travail\Géodatabases_diverses\Plan_Ville_Election_RGF1993.gdb\bureau08_poly,Shape_Area,-1,-1;Bureau 'Bureau' true true false 4 Long 0 0 ,First,#,D:\DONNEES\Nicolas\espaces_de_travail\Géodatabases_diverses\Plan_Ville_Election_RGF1993.gdb\bureau08_poly,Bureau,-1,-1;CANTON 'CANTON' true true false 4 Long 0 0 ,First,#,D:\DONNEES\Nicolas\espaces_de_travail\Géodatabases_diverses\Plan_Ville_Election_RGF1993.gdb\bureau08_poly,CANTON,-1,-1;CIRCONS 'CIRCONS' true true false 4 Long 0 0 ,First,#,D:\DONNEES\Nicolas\espaces_de_travail\Géodatabases_diverses\Plan_Ville_Election_RGF1993.gdb\bureau08_poly,CIRCONS,-1,-1;Nom_Bureau 'Nom_Bureau' true true false 50 Text 0 0 ,First,#,D:\DONNEES\Nicolas\espaces_de_travail\Géodatabases_diverses\Plan_Ville_Election_RGF1993.gdb\bureau08_poly,Nom_Bureau,-1,-1" # D:\DONNEES\Nicolas\Travaux_ponctuels\Informatique\Election\bureau.shp</Process></lineage></DataProperties><MetaID>{B894FFE9-CBCE-46FA-A23D-D15B8E18978B}</MetaID></Esri><idinfo><citation><citeinfo><onlink Sync="TRUE">\\EMT-P032\D$\DONNEES\Nicolas\Travaux_ponctuels\Informatique\Election\bureau.shp</onlink><origin>REQUIRED: The name of an organization or individual that developed the data set.</origin><pubdate>REQUIRED: The date when the data set is published or otherwise made available for release.</pubdate><title Sync="TRUE">bureau</title><ftname Sync="TRUE">bureau</ftname><geoform Sync="TRUE">vector digital data</geoform></citeinfo></citation><native Sync="TRUE">Microsoft Windows XP Version 5.1 (Build 2600) Service Pack 3; ESRI ArcCatalog 9.3.1.1850</native><descript><langdata Sync="TRUE">fr</langdata><abstract>REQUIRED: A brief narrative summary of the data set.</abstract><purpose>REQUIRED: A summary of the intentions with which the data set was developed.</purpose></descript><timeperd><current>REQUIRED: The basis on which the time period of content information is determined.</current><timeinfo><sngdate><caldate>REQUIRED: The year (and optionally month, or month and day) for which the data set corresponds to the ground.</caldate></sngdate></timeinfo></timeperd><status><progress>REQUIRED: The state of the data set.</progress><update>REQUIRED: The frequency with which changes and additions are made to the data set after the initial data set is completed.</update></status><spdom><bounding><westbc Sync="TRUE">REQUIRED: Western-most coordinate of the limit of coverage expressed in longitude.</westbc><eastbc Sync="TRUE">REQUIRED: Eastern-most coordinate of the limit of coverage expressed in longitude.</eastbc><northbc Sync="TRUE">REQUIRED: Northern-most coordinate of the limit of coverage expressed in latitude.</northbc><southbc Sync="TRUE">REQUIRED: Southern-most coordinate of the limit of coverage expressed in latitude.</southbc></bounding></spdom><keywords><theme><themekt>REQUIRED: Reference to a formally registered thesaurus or a similar authoritative source of theme keywords.</themekt><themekey>REQUIRED: Common-use word or phrase used to describe the subject of the data set.</themekey></theme></keywords><accconst>REQUIRED: Restrictions and legal prerequisites for accessing the data set.</accconst><useconst>REQUIRED: Restrictions and legal prerequisites for using the data set after access is granted.</useconst><natvform Sync="TRUE">Fichier de formes</natvform></idinfo><distInfo><distributor><distorTran><onLineSrc><linkage Sync="TRUE">file://\\EMT-P032\D$\DONNEES\Nicolas\Travaux_ponctuels\Informatique\Election\bureau.shp</linkage><protocol Sync="TRUE">Local Area Network</protocol><orDesc Sync="TRUE">002</orDesc></onLineSrc><transSize Sync="TRUE">0.000</transSize></distorTran><distorFormat><formatName Sync="TRUE">Fichier de formes</formatName></distorFormat></distributor></distInfo><dataqual><lineage><procstep><procdesc Sync="TRUE">Jeu de données copié.</procdesc><srcused Sync="TRUE">\\ig-waldorf\carto\bdgeo2002\bureau</srcused><date Sync="TRUE">20070625</date><time Sync="TRUE">15405000</time></procstep><procstep><procdesc Sync="TRUE">Jeu de données copié.</procdesc><srcused Sync="TRUE">d:\donnees\nicolas\espaces_de_travail\elec_nb2007\bureau_08</srcused><date Sync="TRUE">20071211</date><time Sync="TRUE">14010600</time></procstep><procstep><procdesc Sync="TRUE">Jeu de données copié.</procdesc><srcused Sync="TRUE">\\EMT-P032\D$\DONNEES\Nicolas\espaces_de_travail\Géodatabases_diverses\Géo_Travail.gdb</srcused><procdate Sync="TRUE">20111216</procdate><proctime Sync="TRUE">10310900</proctime></procstep><procstep><procdesc Sync="TRUE">Jeu de données copié.</procdesc><srcused Sync="TRUE">\\EMT-P032\D$\DONNEES\Nicolas\espaces_de_travail\Géodatabases_diverses\Géo_Travail.gdb</srcused><procdate Sync="TRUE">20111216</procdate><proctime Sync="TRUE">10360300</proctime></procstep></lineage></dataqual><dataIdInfo><envirDesc Sync="TRUE">Microsoft Windows XP Version 5.1 (Build 2600) Service Pack 3; ESRI ArcCatalog 9.3.1.1850</envirDesc><dataLang><languageCode Sync="TRUE" value="fr"></languageCode></dataLang><idCitation><resTitle Sync="TRUE">bureau</resTitle></idCitation></dataIdInfo><metainfo><langmeta Sync="TRUE">fr</langmeta><metstdn Sync="TRUE">FGDC Content Standards for Digital Geospatial Metadata</metstdn><metstdv Sync="TRUE">FGDC-STD-001-1998</metstdv><mettc Sync="TRUE">local time</mettc><metc><cntinfo><cntorgp><cntper>REQUIRED: The person responsible for the metadata information.</cntper><cntorg>REQUIRED: The organization responsible for the metadata information.</cntorg></cntorgp><cntaddr><addrtype>REQUIRED: The mailing and/or physical address for the organization or individual.</addrtype><city>REQUIRED: The city of the address.</city><state>REQUIRED: The state or province of the address.</state><postal>REQUIRED: The ZIP or other postal code of the address.</postal></cntaddr><cntvoice>REQUIRED: The telephone number by which individuals can speak to the organization or individual.</cntvoice></cntinfo></metc><metd Sync="TRUE">20120305</metd><metextns><onlink Sync="TRUE">http://www.esri.com/metadata/esriprof80.html</onlink><metprof Sync="TRUE">ESRI Metadata Profile</metprof></metextns></metainfo><mdLang><languageCode Sync="TRUE" value="fr"></languageCode></mdLang><mdStanName Sync="TRUE">ISO 19115 Informations géographiques - Métadonnées</mdStanName><mdStanVer Sync="TRUE"># 11108</mdStanVer><mdChar><CharSetCd Sync="TRUE" value="# 11111"></CharSetCd></mdChar><mdHrLv><ScopeCd Sync="TRUE" value="# 11109"></ScopeCd></mdHrLv><mdHrLvName Sync="TRUE"># 11110</mdHrLvName><distinfo><resdesc Sync="TRUE">Downloadable Data</resdesc><stdorder><digform><digtinfo><transize Sync="TRUE">0.000</transize><dssize Sync="TRUE">0.000</dssize></digtinfo></digform></stdorder></distinfo><spdoinfo><direct Sync="TRUE">Vector</direct><ptvctinf><esriterm Name="bureau"><efeatyp Sync="TRUE">Simple</efeatyp><efeageom Sync="TRUE">Polygon</efeageom><esritopo Sync="TRUE">FALSE</esritopo><efeacnt Sync="TRUE">0</efeacnt><spindex Sync="TRUE">FALSE</spindex><linrefer Sync="TRUE">FALSE</linrefer></esriterm><sdtsterm Name="bureau"><sdtstype Sync="TRUE">G-polygon</sdtstype><ptvctcnt Sync="TRUE">0</ptvctcnt></sdtsterm></ptvctinf></spdoinfo><spatRepInfo><VectSpatRep><topLvl><TopoLevCd Sync="TRUE" value="001"></TopoLevCd></topLvl><geometObjs Name="bureau"><geoObjTyp><GeoObjTypCd Sync="TRUE" value="001"></GeoObjTypCd></geoObjTyp><geoObjCnt Sync="TRUE">0</geoObjCnt></geometObjs></VectSpatRep></spatRepInfo><eainfo><detailed Name="bureau"><enttyp><enttypl Sync="TRUE">bureau</enttypl><enttypt Sync="TRUE">Feature Class</enttypt><enttypc Sync="TRUE">0</enttypc></enttyp><attr><attrlabl Sync="TRUE">FID</attrlabl><attalias Sync="TRUE">FID</attalias><attrtype Sync="TRUE">OID</attrtype><attwidth Sync="TRUE">4</attwidth><atprecis Sync="TRUE">0</atprecis><attscale Sync="TRUE">0</attscale><attrdef Sync="TRUE">Internal feature number.</attrdef><attrdefs Sync="TRUE">ESRI</attrdefs><attrdomv><udom Sync="TRUE">Sequential unique whole numbers that are automatically generated.</udom></attrdomv></attr><attr><attrlabl Sync="TRUE">Shape</attrlabl><attalias Sync="TRUE">Shape</attalias><attrtype Sync="TRUE">Geometry</attrtype><attwidth Sync="TRUE">0</attwidth><atprecis Sync="TRUE">0</atprecis><attscale Sync="TRUE">0</attscale><attrdef Sync="TRUE">Feature geometry.</attrdef><attrdefs Sync="TRUE">ESRI</attrdefs><attrdomv><udom Sync="TRUE">Coordinates defining the features.</udom></attrdomv></attr><attr><attrlabl Sync="TRUE">Shape_Leng</attrlabl><attalias Sync="TRUE">Shape_Leng</attalias><attrtype Sync="TRUE">Float</attrtype><attwidth Sync="TRUE">19</attwidth><atnumdec Sync="TRUE">11</atnumdec></attr><attr><attrlabl Sync="TRUE">Shape_Area</attrlabl><attalias Sync="TRUE">Shape_Area</attalias><attrtype Sync="TRUE">Float</attrtype><attwidth Sync="TRUE">19</attwidth><attrdef Sync="TRUE">Area of feature in internal units squared.</attrdef><attrdefs Sync="TRUE">ESRI</attrdefs><attrdomv><udom Sync="TRUE">Positive real numbers that are automatically generated.</udom></attrdomv><atnumdec Sync="TRUE">11</atnumdec></attr><attr><attrlabl Sync="TRUE">Bureau</attrlabl><attalias Sync="TRUE">Bureau</attalias><attrtype Sync="TRUE">Number</attrtype><attwidth Sync="TRUE">9</attwidth></attr><attr><attrlabl Sync="TRUE">CANTON</attrlabl><attalias Sync="TRUE">CANTON</attalias><attrtype Sync="TRUE">Number</attrtype><attwidth Sync="TRUE">9</attwidth></attr><attr><attrlabl Sync="TRUE">CIRCONS</attrlabl><attalias Sync="TRUE">CIRCONS</attalias><attrtype Sync="TRUE">Number</attrtype><attwidth Sync="TRUE">9</attwidth></attr><attr><attrlabl Sync="TRUE">Nom_Bureau</attrlabl><attalias Sync="TRUE">Nom_Bureau</attalias><attrtype Sync="TRUE">String</attrtype><attwidth Sync="TRUE">50</attwidth></attr></detailed></eainfo><mdDateSt Sync="TRUE">20120305</mdDateSt><spref><horizsys><cordsysn><geogcsn Sync="TRUE">GCS_RGF_1993</geogcsn><projcsn Sync="TRUE">RGF93_Lambert_93</projcsn></cordsysn><planar><planci><plance Sync="TRUE">coordinate pair</plance><plandu Sync="TRUE">meters</plandu><coordrep><absres Sync="TRUE">0.000000</absres><ordres Sync="TRUE">0.000000</ordres></coordrep></planci><mapproj><mapprojn Sync="TRUE">Lambert Conformal Conic</mapprojn><lambertc><stdparll Sync="TRUE">44.000000</stdparll><stdparll Sync="TRUE">49.000000</stdparll><longcm Sync="TRUE">3.000000</longcm><latprjo Sync="TRUE">46.500000</latprjo><feast Sync="TRUE">700000.000000</feast><fnorth Sync="TRUE">6600000.000000</fnorth></lambertc></mapproj></planar><geodetic><horizdn Sync="TRUE">D_RGF_1993</horizdn><ellips Sync="TRUE">Geodetic Reference System 80</ellips><semiaxis Sync="TRUE">6378137.000000</semiaxis><denflat Sync="TRUE">298.257222</denflat></geodetic></horizsys><vertdef><altsys><altenc Sync="TRUE">Explicit elevation coordinate included with horizontal coordinates</altenc><altres Sync="TRUE">0.000100</altres></altsys></vertdef></spref><refSysInfo><RefSystem><refSysID><identCode Sync="TRUE">RGF93_Lambert_93</identCode></refSysID></RefSystem></refSysInfo></metadata>
