<?xml version="1.0"?>
<!--<!DOCTYPE metadata SYSTEM "http://www.esri.com/metadata/esriprof80.dtd">-->
<metadata xml:lang="fr"><Esri><MetaID>{F273F50E-40A9-4237-A6CC-555725676CF9}</MetaID><CreaDate>20100901</CreaDate><CreaTime>09552900</CreaTime><SyncOnce>FALSE</SyncOnce><SyncDate>20110630</SyncDate><SyncTime>16490100</SyncTime><ModDate>20110630</ModDate><ModTime>16490100</ModTime><DataProperties><lineage><Process ToolSource="C:\Program Files\ArcGIS\ArcToolbox\Toolboxes\Conversion Tools.tbx\FeatureClassToFeatureClass" Date="20101214" Time="175620">FeatureClassToFeatureClass C:\Integration\Import\VoirieOuvrageArt\OA_base.gdb\PONT C:\Integration\VOIRIE_DirectConnect.sde VOIRIE_OA # "Dénomination_pont 'Dénomination_pont' true true false 50 Text 0 0 ,First,#,C:\Integration\Import\VoirieOuvrageArt\OA_base.gdb\PONT,Dénomination_pont,-1,-1;Voie_de_gestion 'Voie_de_gestion' true true false 50 Text 0 0 ,First,#,C:\Integration\Import\VoirieOuvrageArt\OA_base.gdb\PONT,Voie_de_gestion,-1,-1;Voie_portée 'Voie_portée' true true false 50 Text 0 0 ,First,#,C:\Integration\Import\VoirieOuvrageArt\OA_base.gdb\PONT,Voie_portée,-1,-1;Obstacle_franchi 'Obstacle_franchi' true true false 80 Text 0 0 ,First,#,C:\Integration\Import\VoirieOuvrageArt\OA_base.gdb\PONT,Obstacle_franchi,-1,-1;Identifiant 'Identifiant' true true false 50 Text 0 0 ,First,#,C:\Integration\Import\VoirieOuvrageArt\OA_base.gdb\PONT,Identifiant,-1,-1;Structure 'Structure' true true false 80 Text 0 0 ,First,#,C:\Integration\Import\VoirieOuvrageArt\OA_base.gdb\PONT,Structure,-1,-1;Type_visite 'Type_visite' true true false 50 Text 0 0 ,First,#,C:\Integration\Import\VoirieOuvrageArt\OA_base.gdb\PONT,Type_visite,-1,-1;Indice_de_gravité 'Indice_de_gravité' true true false 50 Text 0 0 ,First,#,C:\Integration\Import\VoirieOuvrageArt\OA_base.gdb\PONT,Indice_de_gravité,-1,-1;Gestionnaire 'Gestionnaire' true true false 50 Text 0 0 ,First,#,C:\Integration\Import\VoirieOuvrageArt\OA_base.gdb\PONT,Gestionnaire,-1,-1;Secteur 'Secteur' true true false 50 Text 0 0 ,First,#,C:\Integration\Import\VoirieOuvrageArt\OA_base.gdb\PONT,Secteur,-1,-1;Tramway 'Tramway' true true false 50 Text 0 0 ,First,#,C:\Integration\Import\VoirieOuvrageArt\OA_base.gdb\PONT,Tramway,-1,-1;Ouverture__m_ 'Ouverture__m_' true true false 8 Double 0 0 ,First,#,C:\Integration\Import\VoirieOuvrageArt\OA_base.gdb\PONT,Ouverture__m_,-1,-1;Longueur__m_ 'Longueur__m_' true true false 8 Double 0 0 ,First,#,C:\Integration\Import\VoirieOuvrageArt\OA_base.gdb\PONT,Longueur__m_,-1,-1;Largeur_utile__m_ 'Largeur_utile__m_' true true false 8 Double 0 0 ,First,#,C:\Integration\Import\VoirieOuvrageArt\OA_base.gdb\PONT,Largeur_utile__m_,-1,-1;Surface_auto___m2_ 'Surface_auto___m2_' true true false 8 Double 0 0 ,First,#,C:\Integration\Import\VoirieOuvrageArt\OA_base.gdb\PONT,Surface_auto___m2_,-1,-1;Num__ordre 'Num__ordre' true true false 2 Short 0 0 ,First,#,C:\Integration\Import\VoirieOuvrageArt\OA_base.gdb\PONT,Num__ordre,-1,-1" # C:\Integration\VOIRIE_DirectConnect.sde\IMAVOI.VOIRIE_OA</Process><Process Name="FeatureClassToFeatureClass_4" ToolSource="C:\Program Files\ArcGIS\ArcToolbox\Toolboxes\Conversion Tools.tbx\FeatureClassToFeatureClass" Date="20110630" Time="164902">FeatureClassToFeatureClass "Database Connections\sig.sde\IMAVOI.VOIRIE_OA" c: Ouvrages_Art.shp # "DÉNOMINATI DÉNOMINATI true true false 50 Text 0 0 ,First,#,Database Connections\sig.sde\IMAVOI.VOIRIE_OA,DÉNOMINATION_PONT,-1,-1;VOIE_DE_GE VOIE_DE_GE true true false 50 Text 0 0 ,First,#,Database Connections\sig.sde\IMAVOI.VOIRIE_OA,VOIE_DE_GESTION,-1,-1;VOIE_PORTÉ VOIE_PORTÉ true true false 50 Text 0 0 ,First,#,Database Connections\sig.sde\IMAVOI.VOIRIE_OA,VOIE_PORTÉE,-1,-1;OBSTACLE_F OBSTACLE_F true true false 80 Text 0 0 ,First,#,Database Connections\sig.sde\IMAVOI.VOIRIE_OA,OBSTACLE_FRANCHI,-1,-1;IDENTIFIAN IDENTIFIAN true true false 50 Text 0 0 ,First,#,Database Connections\sig.sde\IMAVOI.VOIRIE_OA,IDENTIFIANT,-1,-1;STRUCTURE STRUCTURE true true false 80 Text 0 0 ,First,#,Database Connections\sig.sde\IMAVOI.VOIRIE_OA,STRUCTURE,-1,-1;TYPE_VISIT TYPE_VISIT true true false 50 Text 0 0 ,First,#,Database Connections\sig.sde\IMAVOI.VOIRIE_OA,TYPE_VISITE,-1,-1;INDICE_DE_ INDICE_DE_ true true false 50 Text 0 0 ,First,#,Database Connections\sig.sde\IMAVOI.VOIRIE_OA,INDICE_DE_GRAVITÉ,-1,-1;GESTIONNAI GESTIONNAI true true false 50 Text 0 0 ,First,#,Database Connections\sig.sde\IMAVOI.VOIRIE_OA,GESTIONNAIRE,-1,-1;SECTEUR SECTEUR true true false 50 Text 0 0 ,First,#,Database Connections\sig.sde\IMAVOI.VOIRIE_OA,SECTEUR,-1,-1;TRAMWAY TRAMWAY true true false 50 Text 0 0 ,First,#,Database Connections\sig.sde\IMAVOI.VOIRIE_OA,TRAMWAY,-1,-1;OUVERTURE_ OUVERTURE_ true true false 8 Double 8 38 ,First,#,Database Connections\sig.sde\IMAVOI.VOIRIE_OA,OUVERTURE__M_,-1,-1;LONGUEUR__ LONGUEUR__ true true false 8 Double 8 38 ,First,#,Database Connections\sig.sde\IMAVOI.VOIRIE_OA,LONGUEUR__M_,-1,-1;LARGEUR_UT LARGEUR_UT true true false 8 Double 8 38 ,First,#,Database Connections\sig.sde\IMAVOI.VOIRIE_OA,LARGEUR_UTILE__M_,-1,-1;SURFACE_AU SURFACE_AU true true false 8 Double 8 38 ,First,#,Database Connections\sig.sde\IMAVOI.VOIRIE_OA,SURFACE_AUTO___M2_,-1,-1;NUM__ORDRE NUM__ORDRE true true false 2 Short 0 5 ,First,#,Database Connections\sig.sde\IMAVOI.VOIRIE_OA,NUM__ORDRE,-1,-1" # c:\Ouvrages_Art.shp</Process></lineage></DataProperties></Esri><idinfo><native Sync="TRUE">Microsoft Windows XP Version 5.1 (Build 2600) Service Pack 3; ESRI ArcCatalog 9.2.5.1450</native><descript><langdata Sync="TRUE">fr</langdata><abstract>REQUIRED: A brief narrative summary of the data set.</abstract><purpose>REQUIRED: A summary of the intentions with which the data set was developed.</purpose></descript><citation><citeinfo><origin>REQUIRED: The name of an organization or individual that developed the data set.</origin><pubdate>REQUIRED: The date when the data set is published or otherwise made available for release.</pubdate><title Sync="TRUE">Ouvrages_Art</title><ftname Sync="TRUE">Ouvrages_Art</ftname><geoform Sync="TRUE">vector digital data</geoform><onlink Sync="TRUE">\\IG-P149\C$\Ouvrages_Art.shp</onlink></citeinfo></citation><timeperd><current>REQUIRED: The basis on which the time period of content information is determined.</current><timeinfo><sngdate><caldate>REQUIRED: The year (and optionally month, or month and day) for which the data set corresponds to the ground.</caldate></sngdate></timeinfo></timeperd><status><progress>REQUIRED: The state of the data set.</progress><update>REQUIRED: The frequency with which changes and additions are made to the data set after the initial data set is completed.</update></status><spdom><bounding><westbc Sync="TRUE">3.822002</westbc><eastbc Sync="TRUE">3.914386</eastbc><northbc Sync="TRUE">43.652843</northbc><southbc Sync="TRUE">43.585489</southbc></bounding><lboundng><leftbc Sync="TRUE">766407.093200</leftbc><rightbc Sync="TRUE">773785.434500</rightbc><bottombc Sync="TRUE">6276696.797300</bottombc><topbc Sync="TRUE">6284101.789700</topbc></lboundng></spdom><keywords><theme><themekt>REQUIRED: Reference to a formally registered thesaurus or a similar authoritative source of theme keywords.</themekt><themekey>REQUIRED: Common-use word or phrase used to describe the subject of the data set.</themekey></theme></keywords><accconst>REQUIRED: Restrictions and legal prerequisites for accessing the data set.</accconst><useconst>REQUIRED: Restrictions and legal prerequisites for using the data set after access is granted.</useconst><natvform Sync="TRUE">Shapefile</natvform></idinfo><dataIdInfo><envirDesc Sync="TRUE">Microsoft Windows XP Version 5.1 (Build 2600) Service Pack 3; ESRI ArcCatalog 9.2.5.1450</envirDesc><dataLang><languageCode Sync="TRUE" value="fr"></languageCode></dataLang><idCitation><resTitle Sync="TRUE">Ouvrages_Art</resTitle><presForm><PresFormCd Sync="TRUE" value="005"></PresFormCd></presForm></idCitation><dataExt><geoEle><GeoBndBox esriExtentType="native"><westBL Sync="TRUE">766407.0932</westBL><eastBL Sync="TRUE">773785.4345</eastBL><northBL Sync="TRUE">6284101.7897</northBL><southBL Sync="TRUE">6276696.7973</southBL><exTypeCode Sync="TRUE">1</exTypeCode></GeoBndBox></geoEle></dataExt><geoBox esriExtentType="decdegrees"><westBL Sync="TRUE">3.822002</westBL><eastBL Sync="TRUE">3.914386</eastBL><northBL Sync="TRUE">43.652843</northBL><southBL Sync="TRUE">43.585489</southBL><exTypeCode Sync="TRUE">1</exTypeCode></geoBox><spatRpType><SpatRepTypCd Sync="TRUE" value="001"></SpatRepTypCd></spatRpType></dataIdInfo><metainfo><langmeta Sync="TRUE">fr</langmeta><metstdn Sync="TRUE">FGDC Content Standards for Digital Geospatial Metadata</metstdn><metstdv Sync="TRUE">FGDC-STD-001-1998</metstdv><mettc Sync="TRUE">local time</mettc><metc><cntinfo><cntorgp><cntper>REQUIRED: The person responsible for the metadata information.</cntper><cntorg>REQUIRED: The organization responsible for the metadata information.</cntorg></cntorgp><cntaddr><addrtype>REQUIRED: The mailing and/or physical address for the organization or individual.</addrtype><city>REQUIRED: The city of the address.</city><state>REQUIRED: The state or province of the address.</state><postal>REQUIRED: The ZIP or other postal code of the address.</postal></cntaddr><cntvoice>REQUIRED: The telephone number by which individuals can speak to the organization or individual.</cntvoice></cntinfo></metc><metd Sync="TRUE">20110630</metd><metextns><onlink Sync="TRUE">http://www.esri.com/metadata/esriprof80.html</onlink><metprof Sync="TRUE">ESRI Metadata Profile</metprof></metextns></metainfo><mdLang><languageCode Sync="TRUE" value="fr"></languageCode></mdLang><mdStanName Sync="TRUE">ISO 19115 Geographic Information - Metadata</mdStanName><mdStanVer Sync="TRUE">DIS_ESRI1.0</mdStanVer><mdChar><CharSetCd Sync="TRUE" value="004"></CharSetCd></mdChar><mdHrLv><ScopeCd Sync="TRUE" value="005"></ScopeCd></mdHrLv><mdHrLvName Sync="TRUE">dataset</mdHrLvName><distinfo><resdesc Sync="TRUE">Downloadable Data</resdesc><stdorder><digform><digtinfo><transize Sync="TRUE">0,000</transize><dssize Sync="TRUE">0,000</dssize></digtinfo></digform></stdorder></distinfo><distInfo><distributor><distorTran><onLineSrc><orDesc Sync="TRUE">002</orDesc><linkage Sync="TRUE">file://\\IG-P149\C$\Ouvrages_Art.shp</linkage><protocol Sync="TRUE">Local Area Network</protocol></onLineSrc><transSize Sync="TRUE">0,000</transSize></distorTran><distorFormat><formatName Sync="TRUE">Shapefile</formatName></distorFormat></distributor></distInfo><spdoinfo><direct Sync="TRUE">Vector</direct><ptvctinf><esriterm Name="Ouvrages_Art"><efeatyp Sync="TRUE">Simple</efeatyp><efeageom Sync="TRUE">Point</efeageom><esritopo Sync="TRUE">FALSE</esritopo><efeacnt Sync="TRUE">0</efeacnt><spindex Sync="TRUE">FALSE</spindex><linrefer Sync="TRUE">FALSE</linrefer></esriterm><sdtsterm Name="Ouvrages_Art"><sdtstype Sync="TRUE">Entity point</sdtstype><ptvctcnt Sync="TRUE">0</ptvctcnt></sdtsterm></ptvctinf></spdoinfo><spref><horizsys><cordsysn><geogcsn Sync="TRUE">GCS_RGF_1993</geogcsn><projcsn Sync="TRUE">RGF93_Lambert_93</projcsn></cordsysn><planar><planci><plance Sync="TRUE">coordinate pair</plance><plandu Sync="TRUE">meters</plandu><coordrep><absres Sync="TRUE">0.000000</absres><ordres Sync="TRUE">0.000000</ordres></coordrep></planci><mapproj><mapprojn Sync="TRUE">Lambert Conformal Conic</mapprojn><lambertc><stdparll Sync="TRUE">44.000000</stdparll><stdparll Sync="TRUE">49.000000</stdparll><longcm Sync="TRUE">3.000000</longcm><latprjo Sync="TRUE">46.500000</latprjo><feast Sync="TRUE">700000.000000</feast><fnorth Sync="TRUE">6600000.000000</fnorth></lambertc></mapproj></planar><geodetic><horizdn Sync="TRUE">D_RGF_1993</horizdn><ellips Sync="TRUE">Geodetic Reference System 80</ellips><semiaxis Sync="TRUE">6378137.000000</semiaxis><denflat Sync="TRUE">298.257222</denflat></geodetic></horizsys><vertdef><altsys><altenc Sync="TRUE">Explicit elevation coordinate included with horizontal coordinates</altenc><altres Sync="TRUE">1.000000</altres></altsys></vertdef></spref><refSysInfo><RefSystem><refSysID><identCode Sync="TRUE">RGF93_Lambert_93</identCode></refSysID></RefSystem></refSysInfo><spatRepInfo><VectSpatRep><topLvl><TopoLevCd Sync="TRUE" value="001"></TopoLevCd></topLvl><geometObjs Name="Ouvrages_Art"><geoObjTyp><GeoObjTypCd Sync="TRUE" value="004"></GeoObjTypCd></geoObjTyp><geoObjCnt Sync="TRUE">0</geoObjCnt></geometObjs></VectSpatRep></spatRepInfo><eainfo><detailed Name="Ouvrages_Art"><attr><attrlabl Sync="TRUE">VOIE_DE_GE</attrlabl><attalias Sync="TRUE">VOIE_DE_GE</attalias><attrtype Sync="TRUE">String</attrtype><attwidth Sync="TRUE">50</attwidth><atprecis Sync="TRUE">0</atprecis><attscale Sync="TRUE">0</attscale></attr><attr><attrlabl Sync="TRUE">VOIE_PORTÉ</attrlabl><attalias Sync="TRUE">VOIE_PORTÉ</attalias><attrtype Sync="TRUE">String</attrtype><attwidth Sync="TRUE">50</attwidth><atprecis Sync="TRUE">0</atprecis><attscale Sync="TRUE">0</attscale></attr><attr><attrlabl Sync="TRUE">OBSTACLE_F</attrlabl><attalias Sync="TRUE">OBSTACLE_F</attalias><attrtype Sync="TRUE">String</attrtype><attwidth Sync="TRUE">50</attwidth></attr><attr><attrlabl Sync="TRUE">IDENTIFIAN</attrlabl><attalias Sync="TRUE">IDENTIFIAN</attalias><attrtype Sync="TRUE">String</attrtype><attwidth Sync="TRUE">50</attwidth></attr><attr><attrlabl Sync="TRUE">STRUCTURE</attrlabl><attalias Sync="TRUE">STRUCTURE</attalias><attrtype Sync="TRUE">String</attrtype><attwidth Sync="TRUE">50</attwidth></attr><enttyp><enttypl Sync="TRUE">Ouvrages_Art</enttypl><enttypt Sync="TRUE">Feature Class</enttypt><enttypc Sync="TRUE">0</enttypc></enttyp><attr><attrlabl Sync="TRUE">SHAPE</attrlabl><attalias Sync="TRUE">Shape</attalias><attrtype Sync="TRUE">String</attrtype><attwidth Sync="TRUE">80</attwidth><attrdef Sync="TRUE">Feature geometry.</attrdef><attrdefs Sync="TRUE">ESRI</attrdefs><attrdomv><udom Sync="TRUE">Coordinates defining the features.</udom></attrdomv></attr><attr><attrlabl Sync="TRUE">Secteur</attrlabl><attalias Sync="TRUE">SECTEUR</attalias><attrtype Sync="TRUE">String</attrtype><attwidth Sync="TRUE">50</attwidth></attr><attr><attrlabl Sync="TRUE">Num__ordre</attrlabl><attalias Sync="TRUE">NUM__ORDRE</attalias><attrtype Sync="TRUE">String</attrtype><attwidth Sync="TRUE">80</attwidth></attr><attr><attrlabl Sync="TRUE">Shape</attrlabl><attalias Sync="TRUE">Shape</attalias><attrtype Sync="TRUE">String</attrtype><attwidth Sync="TRUE">50</attwidth><attrdef Sync="TRUE">Feature geometry.</attrdef><attrdefs Sync="TRUE">ESRI</attrdefs><attrdomv><udom Sync="TRUE">Coordinates defining the features.</udom></attrdomv></attr><attr><attrlabl Sync="TRUE">DÉNOMINATI</attrlabl><attalias Sync="TRUE">DÉNOMINATI</attalias><attrtype Sync="TRUE">String</attrtype><attwidth Sync="TRUE">50</attwidth></attr><attr><attrlabl Sync="TRUE">TYPE_VISIT</attrlabl><attalias Sync="TRUE">TYPE_VISIT</attalias><attrtype Sync="TRUE">String</attrtype><attwidth Sync="TRUE">50</attwidth></attr><attr><attrlabl Sync="TRUE">Structure</attrlabl><attalias Sync="TRUE">STRUCTURE</attalias><attrtype Sync="TRUE">String</attrtype><attwidth Sync="TRUE">50</attwidth></attr><attr><attrlabl Sync="TRUE">INDICE_DE_</attrlabl><attalias Sync="TRUE">INDICE_DE_</attalias><attrtype Sync="TRUE">String</attrtype><attwidth Sync="TRUE">50</attwidth></attr><attr><attrlabl Sync="TRUE">Tramway</attrlabl><attalias Sync="TRUE">TRAMWAY</attalias><attrtype Sync="TRUE">Number</attrtype><attwidth Sync="TRUE">19</attwidth><atnumdec Sync="TRUE">8</atnumdec></attr><attr><attrlabl Sync="TRUE">GESTIONNAI</attrlabl><attalias Sync="TRUE">GESTIONNAI</attalias><attrtype Sync="TRUE">Number</attrtype><attwidth Sync="TRUE">19</attwidth><atnumdec Sync="TRUE">8</atnumdec></attr><attr><attrlabl Sync="TRUE">FID</attrlabl><attalias Sync="TRUE">FID</attalias><attrtype Sync="TRUE">Number</attrtype><attwidth Sync="TRUE">19</attwidth><attrdef Sync="TRUE">Internal feature number.</attrdef><attrdefs Sync="TRUE">ESRI</attrdefs><attrdomv><udom Sync="TRUE">Sequential unique whole numbers that are automatically generated.</udom></attrdomv><atnumdec Sync="TRUE">8</atnumdec></attr><attr><attrlabl Sync="TRUE">SECTEUR</attrlabl><attalias Sync="TRUE">SECTEUR</attalias><attrtype Sync="TRUE">Number</attrtype><attwidth Sync="TRUE">19</attwidth><atnumdec Sync="TRUE">8</atnumdec></attr><attr><attrlabl Sync="TRUE">TRAMWAY</attrlabl><attalias Sync="TRUE">TRAMWAY</attalias><attrtype Sync="TRUE">Number</attrtype><attwidth Sync="TRUE">5</attwidth></attr><attr><attrlabl Sync="TRUE">OUVERTURE_</attrlabl><attalias Sync="TRUE">OUVERTURE_</attalias><attrtype Sync="TRUE">Double</attrtype><attwidth Sync="TRUE">19</attwidth><atprecis Sync="TRUE">18</atprecis><attscale Sync="TRUE">8</attscale></attr><attr><attrlabl Sync="TRUE">LONGUEUR__</attrlabl><attalias Sync="TRUE">LONGUEUR__</attalias><attrtype Sync="TRUE">Double</attrtype><attwidth Sync="TRUE">19</attwidth><atprecis Sync="TRUE">18</atprecis><attscale Sync="TRUE">8</attscale></attr><attr><attrlabl Sync="TRUE">LARGEUR_UT</attrlabl><attalias Sync="TRUE">LARGEUR_UT</attalias><attrtype Sync="TRUE">Double</attrtype><attwidth Sync="TRUE">19</attwidth><atprecis Sync="TRUE">18</atprecis><attscale Sync="TRUE">8</attscale></attr><attr><attrlabl Sync="TRUE">SURFACE_AU</attrlabl><attalias Sync="TRUE">SURFACE_AU</attalias><attrtype Sync="TRUE">Double</attrtype><attwidth Sync="TRUE">19</attwidth><atprecis Sync="TRUE">18</atprecis><attscale Sync="TRUE">8</attscale></attr><attr><attrlabl Sync="TRUE">NUM__ORDRE</attrlabl><attalias Sync="TRUE">NUM__ORDRE</attalias><attrtype Sync="TRUE">Integer</attrtype><attwidth Sync="TRUE">5</attwidth><atprecis Sync="TRUE">5</atprecis><attscale Sync="TRUE">0</attscale></attr></detailed></eainfo><mdDateSt Sync="TRUE">20110630</mdDateSt></metadata>
