<?xml version="1.0"?>
<!--<!DOCTYPE metadata SYSTEM "http://www.esri.com/metadata/esriprof80.dtd">-->
<metadata xml:lang="fr"><Esri><CreaDate>20110822</CreaDate><CreaTime>14130900</CreaTime><SyncOnce>FALSE</SyncOnce><SyncDate>20110822</SyncDate><SyncTime>14114900</SyncTime><ModDate>20110822</ModDate><ModTime>14114900</ModTime><DataProperties><lineage><Process Name="AddField_1" ToolSource="E:\Program Files\ArcGIS\ArcToolbox\Toolboxes\Data Management Tools.tbx\AddField" Date="20080610" Time="154234">AddField C:\DONNEES\Cadastre2008\FirstShot\34057_Castelnau.gdb\TRONCON_DE_COURS_D_EAU SYM TEXT # # 48 # NULLABLE NON_REQUIRED # C:\DONNEES\Cadastre2008\FirstShot\34057_Castelnau.gdb\TRONCON_DE_COURS_D_EAU</Process><Process Name="Merge_16" ToolSource="E:\Program Files\ArcGIS\ArcToolbox\Toolboxes\Data Management Tools.tbx\Merge" Date="20080619" Time="163526">Merge C:\DONNEES\Cadastre2008\FirstShot\34057_Castelnau.gdb\TRONCON_DE_COURS_D_EAU_polygon;C:\DONNEES\Cadastre2008\FirstShot\34077_Clapiers.gdb\TRONCON_DE_COURS_D_EAU_polygon;'C:\DONNEES\Cadastre2008\FirstShot\34090_Le Crès.gdb\TRONCON_DE_COURS_D_EAU_polygon';C:\DONNEES\Cadastre2008\FirstShot\34116_Grabels.gdb\TRONCON_DE_COURS_D_EAU_polygon;C:\DONNEES\Cadastre2008\FirstShot\34120_Jacou.gdb\TRONCON_DE_COURS_D_EAU_polygon;C:\DONNEES\Cadastre2008\FirstShot\34123_Juvignac.gdb\TRONCON_DE_COURS_D_EAU_polygon;C:\DONNEES\Cadastre2008\FirstShot\34129_Lattes.gdb\TRONCON_DE_COURS_D_EAU_polygon;C:\DONNEES\Cadastre2008\FirstShot\34134_Lavérune.gdb\TRONCON_DE_COURS_D_EAU_polygon;C:\DONNEES\Cadastre2008\FirstShot\34154_Mauguio.gdb\TRONCON_DE_COURS_D_EAU_polygon;C:\DONNEES\Cadastre2008\FirstShot\34169_Montferrier.gdb\TRONCON_DE_COURS_D_EAU_polygon;C:\DONNEES\Cadastre2008\FirstShot\34172_Montpellier.gdb\TRONCON_DE_COURS_D_EAU_polygon;C:\DONNEES\Cadastre2008\FirstShot\34198_Pérols.gdb\TRONCON_DE_COURS_D_EAU_polygon;C:\DONNEES\Cadastre2008\FirstShot\34240_St-Aunès.gdb\TRONCON_DE_COURS_D_EAU_polygon;C:\DONNEES\Cadastre2008\FirstShot\34247_St-Clément.gdb\TRONCON_DE_COURS_D_EAU_polygon;C:\DONNEES\Cadastre2008\FirstShot\34259_St-Georges.gdb\TRONCON_DE_COURS_D_EAU_polygon;C:\DONNEES\Cadastre2008\FirstShot\34270_St-Jean-de-Védas.gdb\TRONCON_DE_COURS_D_EAU_polygon C:\DONNEES\Cadastre2008\FirstShot\34000_Cadastre.gdb\TRONCON_DE_COURS_D_EAU_polygon "CODE_COM CODE_COM true true false 3 Text 0 0 ,First,#,C:\DONNEES\Cadastre2008\FirstShot\34057_Castelnau.gdb\TRONCON_DE_COURS_D_EAU_polygon,CODE_COM,-1,-1,C:\DONNEES\Cadastre2008\FirstShot\34077_Clapiers.gdb\TRONCON_DE_COURS_D_EAU_polygon,CODE_COM,-1,-1,C:\DONNEES\Cadastre2008\FirstShot\34090_Le Crès.gdb\TRONCON_DE_COURS_D_EAU_polygon,CODE_COM,-1,-1,C:\DONNEES\Cadastre2008\FirstShot\34116_Grabels.gdb\TRONCON_DE_COURS_D_EAU_polygon,CODE_COM,-1,-1,C:\DONNEES\Cadastre2008\FirstShot\34120_Jacou.gdb\TRONCON_DE_COURS_D_EAU_polygon,CODE_COM,-1,-1,C:\DONNEES\Cadastre2008\FirstShot\34123_Juvignac.gdb\TRONCON_DE_COURS_D_EAU_polygon,CODE_COM,-1,-1,C:\DONNEES\Cadastre2008\FirstShot\34129_Lattes.gdb\TRONCON_DE_COURS_D_EAU_polygon,CODE_COM,-1,-1,C:\DONNEES\Cadastre2008\FirstShot\34134_Lavérune.gdb\TRONCON_DE_COURS_D_EAU_polygon,CODE_COM,-1,-1,C:\DONNEES\Cadastre2008\FirstShot\34154_Mauguio.gdb\TRONCON_DE_COURS_D_EAU_polygon,CODE_COM,-1,-1,C:\DONNEES\Cadastre2008\FirstShot\34169_Montferrier.gdb\TRONCON_DE_COURS_D_EAU_polygon,CODE_COM,-1,-1,C:\DONNEES\Cadastre2008\FirstShot\34172_Montpellier.gdb\TRONCON_DE_COURS_D_EAU_polygon,CODE_COM,-1,-1,C:\DONNEES\Cadastre2008\FirstShot\34198_Pérols.gdb\TRONCON_DE_COURS_D_EAU_polygon,CODE_COM,-1,-1,C:\DONNEES\Cadastre2008\FirstShot\34240_St-Aunès.gdb\TRONCON_DE_COURS_D_EAU_polygon,CODE_COM,-1,-1,C:\DONNEES\Cadastre2008\FirstShot\34247_St-Clément.gdb\TRONCON_DE_COURS_D_EAU_polygon,CODE_COM,-1,-1,C:\DONNEES\Cadastre2008\FirstShot\34259_St-Georges.gdb\TRONCON_DE_COURS_D_EAU_polygon,CODE_COM,-1,-1,C:\DONNEES\Cadastre2008\FirstShot\34270_St-Jean-de-Védas.gdb\TRONCON_DE_COURS_D_EAU_polygon,CODE_COM,-1,-1;PRE PRE true true false 3 Text 0 0 ,First,#,C:\DONNEES\Cadastre2008\FirstShot\34057_Castelnau.gdb\TRONCON_DE_COURS_D_EAU_polygon,PRE,-1,-1,C:\DONNEES\Cadastre2008\FirstShot\34077_Clapiers.gdb\TRONCON_DE_COURS_D_EAU_polygon,PRE,-1,-1,C:\DONNEES\Cadastre2008\FirstShot\34090_Le Crès.gdb\TRONCON_DE_COURS_D_EAU_polygon,PRE,-1,-1,C:\DONNEES\Cadastre2008\FirstShot\34116_Grabels.gdb\TRONCON_DE_COURS_D_EAU_polygon,PRE,-1,-1,C:\DONNEES\Cadastre2008\FirstShot\34120_Jacou.gdb\TRONCON_DE_COURS_D_EAU_polygon,PRE,-1,-1,C:\DONNEES\Cadastre2008\FirstShot\34123_Juvignac.gdb\TRONCON_DE_COURS_D_EAU_polygon,PRE,-1,-1,C:\DONNEES\Cadastre2008\FirstShot\34129_Lattes.gdb\TRONCON_DE_COURS_D_EAU_polygon,PRE,-1,-1,C:\DONNEES\Cadastre2008\FirstShot\34134_Lavérune.gdb\TRONCON_DE_COURS_D_EAU_polygon,PRE,-1,-1,C:\DONNEES\Cadastre2008\FirstShot\34154_Mauguio.gdb\TRONCON_DE_COURS_D_EAU_polygon,PRE,-1,-1,C:\DONNEES\Cadastre2008\FirstShot\34169_Montferrier.gdb\TRONCON_DE_COURS_D_EAU_polygon,PRE,-1,-1,C:\DONNEES\Cadastre2008\FirstShot\34172_Montpellier.gdb\TRONCON_DE_COURS_D_EAU_polygon,PRE,-1,-1,C:\DONNEES\Cadastre2008\FirstShot\34198_Pérols.gdb\TRONCON_DE_COURS_D_EAU_polygon,PRE,-1,-1,C:\DONNEES\Cadastre2008\FirstShot\34240_St-Aunès.gdb\TRONCON_DE_COURS_D_EAU_polygon,PRE,-1,-1,C:\DONNEES\Cadastre2008\FirstShot\34247_St-Clément.gdb\TRONCON_DE_COURS_D_EAU_polygon,PRE,-1,-1,C:\DONNEES\Cadastre2008\FirstShot\34259_St-Georges.gdb\TRONCON_DE_COURS_D_EAU_polygon,PRE,-1,-1,C:\DONNEES\Cadastre2008\FirstShot\34270_St-Jean-de-Védas.gdb\TRONCON_DE_COURS_D_EAU_polygon,PRE,-1,-1;SECTION_ SECTION_ true true false 2 Text 0 0 ,First,#,C:\DONNEES\Cadastre2008\FirstShot\34057_Castelnau.gdb\TRONCON_DE_COURS_D_EAU_polygon,SECTION_,-1,-1,C:\DONNEES\Cadastre2008\FirstShot\34077_Clapiers.gdb\TRONCON_DE_COURS_D_EAU_polygon,SECTION_,-1,-1,C:\DONNEES\Cadastre2008\FirstShot\34090_Le Crès.gdb\TRONCON_DE_COURS_D_EAU_polygon,SECTION_,-1,-1,C:\DONNEES\Cadastre2008\FirstShot\34116_Grabels.gdb\TRONCON_DE_COURS_D_EAU_polygon,SECTION_,-1,-1,C:\DONNEES\Cadastre2008\FirstShot\34120_Jacou.gdb\TRONCON_DE_COURS_D_EAU_polygon,SECTION_,-1,-1,C:\DONNEES\Cadastre2008\FirstShot\34123_Juvignac.gdb\TRONCON_DE_COURS_D_EAU_polygon,SECTION_,-1,-1,C:\DONNEES\Cadastre2008\FirstShot\34129_Lattes.gdb\TRONCON_DE_COURS_D_EAU_polygon,SECTION_,-1,-1,C:\DONNEES\Cadastre2008\FirstShot\34134_Lavérune.gdb\TRONCON_DE_COURS_D_EAU_polygon,SECTION_,-1,-1,C:\DONNEES\Cadastre2008\FirstShot\34154_Mauguio.gdb\TRONCON_DE_COURS_D_EAU_polygon,SECTION_,-1,-1,C:\DONNEES\Cadastre2008\FirstShot\34169_Montferrier.gdb\TRONCON_DE_COURS_D_EAU_polygon,SECTION_,-1,-1,C:\DONNEES\Cadastre2008\FirstShot\34172_Montpellier.gdb\TRONCON_DE_COURS_D_EAU_polygon,SECTION_,-1,-1,C:\DONNEES\Cadastre2008\FirstShot\34198_Pérols.gdb\TRONCON_DE_COURS_D_EAU_polygon,SECTION_,-1,-1,C:\DONNEES\Cadastre2008\FirstShot\34240_St-Aunès.gdb\TRONCON_DE_COURS_D_EAU_polygon,SECTION_,-1,-1,C:\DONNEES\Cadastre2008\FirstShot\34247_St-Clément.gdb\TRONCON_DE_COURS_D_EAU_polygon,SECTION_,-1,-1,C:\DONNEES\Cadastre2008\FirstShot\34259_St-Georges.gdb\TRONCON_DE_COURS_D_EAU_polygon,SECTION_,-1,-1,C:\DONNEES\Cadastre2008\FirstShot\34270_St-Jean-de-Védas.gdb\TRONCON_DE_COURS_D_EAU_polygon,SECTION_,-1,-1;TEXTE TEXTE true true false 255 Text 0 0 ,First,#,C:\DONNEES\Cadastre2008\FirstShot\34057_Castelnau.gdb\TRONCON_DE_COURS_D_EAU_polygon,TEXTE,-1,-1,C:\DONNEES\Cadastre2008\FirstShot\34077_Clapiers.gdb\TRONCON_DE_COURS_D_EAU_polygon,TEXTE,-1,-1,C:\DONNEES\Cadastre2008\FirstShot\34090_Le Crès.gdb\TRONCON_DE_COURS_D_EAU_polygon,TEXTE,-1,-1,C:\DONNEES\Cadastre2008\FirstShot\34116_Grabels.gdb\TRONCON_DE_COURS_D_EAU_polygon,TEXTE,-1,-1,C:\DONNEES\Cadastre2008\FirstShot\34120_Jacou.gdb\TRONCON_DE_COURS_D_EAU_polygon,TEXTE,-1,-1,C:\DONNEES\Cadastre2008\FirstShot\34123_Juvignac.gdb\TRONCON_DE_COURS_D_EAU_polygon,TEXTE,-1,-1,C:\DONNEES\Cadastre2008\FirstShot\34129_Lattes.gdb\TRONCON_DE_COURS_D_EAU_polygon,TEXTE,-1,-1,C:\DONNEES\Cadastre2008\FirstShot\34134_Lavérune.gdb\TRONCON_DE_COURS_D_EAU_polygon,TEXTE,-1,-1,C:\DONNEES\Cadastre2008\FirstShot\34154_Mauguio.gdb\TRONCON_DE_COURS_D_EAU_polygon,TEXTE,-1,-1,C:\DONNEES\Cadastre2008\FirstShot\34169_Montferrier.gdb\TRONCON_DE_COURS_D_EAU_polygon,TEXTE,-1,-1,C:\DONNEES\Cadastre2008\FirstShot\34172_Montpellier.gdb\TRONCON_DE_COURS_D_EAU_polygon,TEXTE,-1,-1,C:\DONNEES\Cadastre2008\FirstShot\34198_Pérols.gdb\TRONCON_DE_COURS_D_EAU_polygon,TEXTE,-1,-1,C:\DONNEES\Cadastre2008\FirstShot\34240_St-Aunès.gdb\TRONCON_DE_COURS_D_EAU_polygon,TEXTE,-1,-1,C:\DONNEES\Cadastre2008\FirstShot\34247_St-Clément.gdb\TRONCON_DE_COURS_D_EAU_polygon,TEXTE,-1,-1,C:\DONNEES\Cadastre2008\FirstShot\34259_St-Georges.gdb\TRONCON_DE_COURS_D_EAU_polygon,TEXTE,-1,-1,C:\DONNEES\Cadastre2008\FirstShot\34270_St-Jean-de-Védas.gdb\TRONCON_DE_COURS_D_EAU_polygon,TEXTE,-1,-1;GLOBAL_ID GLOBAL_ID true true false 255 Text 0 0 ,First,#,C:\DONNEES\Cadastre2008\FirstShot\34057_Castelnau.gdb\TRONCON_DE_COURS_D_EAU_polygon,GLOBAL_ID,-1,-1,C:\DONNEES\Cadastre2008\FirstShot\34077_Clapiers.gdb\TRONCON_DE_COURS_D_EAU_polygon,GLOBAL_ID,-1,-1,C:\DONNEES\Cadastre2008\FirstShot\34090_Le Crès.gdb\TRONCON_DE_COURS_D_EAU_polygon,GLOBAL_ID,-1,-1,C:\DONNEES\Cadastre2008\FirstShot\34116_Grabels.gdb\TRONCON_DE_COURS_D_EAU_polygon,GLOBAL_ID,-1,-1,C:\DONNEES\Cadastre2008\FirstShot\34120_Jacou.gdb\TRONCON_DE_COURS_D_EAU_polygon,GLOBAL_ID,-1,-1,C:\DONNEES\Cadastre2008\FirstShot\34123_Juvignac.gdb\TRONCON_DE_COURS_D_EAU_polygon,GLOBAL_ID,-1,-1,C:\DONNEES\Cadastre2008\FirstShot\34129_Lattes.gdb\TRONCON_DE_COURS_D_EAU_polygon,GLOBAL_ID,-1,-1,C:\DONNEES\Cadastre2008\FirstShot\34134_Lavérune.gdb\TRONCON_DE_COURS_D_EAU_polygon,GLOBAL_ID,-1,-1,C:\DONNEES\Cadastre2008\FirstShot\34154_Mauguio.gdb\TRONCON_DE_COURS_D_EAU_polygon,GLOBAL_ID,-1,-1,C:\DONNEES\Cadastre2008\FirstShot\34169_Montferrier.gdb\TRONCON_DE_COURS_D_EAU_polygon,GLOBAL_ID,-1,-1,C:\DONNEES\Cadastre2008\FirstShot\34172_Montpellier.gdb\TRONCON_DE_COURS_D_EAU_polygon,GLOBAL_ID,-1,-1,C:\DONNEES\Cadastre2008\FirstShot\34198_Pérols.gdb\TRONCON_DE_COURS_D_EAU_polygon,GLOBAL_ID,-1,-1,C:\DONNEES\Cadastre2008\FirstShot\34240_St-Aunès.gdb\TRONCON_DE_COURS_D_EAU_polygon,GLOBAL_ID,-1,-1,C:\DONNEES\Cadastre2008\FirstShot\34247_St-Clément.gdb\TRONCON_DE_COURS_D_EAU_polygon,GLOBAL_ID,-1,-1,C:\DONNEES\Cadastre2008\FirstShot\34259_St-Georges.gdb\TRONCON_DE_COURS_D_EAU_polygon,GLOBAL_ID,-1,-1,C:\DONNEES\Cadastre2008\FirstShot\34270_St-Jean-de-Védas.gdb\TRONCON_DE_COURS_D_EAU_polygon,GLOBAL_ID,-1,-1;SHAPE_Length SHAPE_Length false true true 8 Double 0 0 ,First,#,C:\DONNEES\Cadastre2008\FirstShot\34057_Castelnau.gdb\TRONCON_DE_COURS_D_EAU_polygon,SHAPE_Length,-1,-1,C:\DONNEES\Cadastre2008\FirstShot\34077_Clapiers.gdb\TRONCON_DE_COURS_D_EAU_polygon,SHAPE_Length,-1,-1,C:\DONNEES\Cadastre2008\FirstShot\34090_Le Crès.gdb\TRONCON_DE_COURS_D_EAU_polygon,SHAPE_Length,-1,-1,C:\DONNEES\Cadastre2008\FirstShot\34116_Grabels.gdb\TRONCON_DE_COURS_D_EAU_polygon,SHAPE_Length,-1,-1,C:\DONNEES\Cadastre2008\FirstShot\34120_Jacou.gdb\TRONCON_DE_COURS_D_EAU_polygon,SHAPE_Length,-1,-1,C:\DONNEES\Cadastre2008\FirstShot\34123_Juvignac.gdb\TRONCON_DE_COURS_D_EAU_polygon,SHAPE_Length,-1,-1,C:\DONNEES\Cadastre2008\FirstShot\34129_Lattes.gdb\TRONCON_DE_COURS_D_EAU_polygon,SHAPE_Length,-1,-1,C:\DONNEES\Cadastre2008\FirstShot\34134_Lavérune.gdb\TRONCON_DE_COURS_D_EAU_polygon,SHAPE_Length,-1,-1,C:\DONNEES\Cadastre2008\FirstShot\34154_Mauguio.gdb\TRONCON_DE_COURS_D_EAU_polygon,SHAPE_Length,-1,-1,C:\DONNEES\Cadastre2008\FirstShot\34169_Montferrier.gdb\TRONCON_DE_COURS_D_EAU_polygon,SHAPE_Length,-1,-1,C:\DONNEES\Cadastre2008\FirstShot\34172_Montpellier.gdb\TRONCON_DE_COURS_D_EAU_polygon,SHAPE_Length,-1,-1,C:\DONNEES\Cadastre2008\FirstShot\34198_Pérols.gdb\TRONCON_DE_COURS_D_EAU_polygon,SHAPE_Length,-1,-1,C:\DONNEES\Cadastre2008\FirstShot\34240_St-Aunès.gdb\TRONCON_DE_COURS_D_EAU_polygon,SHAPE_Length,-1,-1,C:\DONNEES\Cadastre2008\FirstShot\34247_St-Clément.gdb\TRONCON_DE_COURS_D_EAU_polygon,SHAPE_Length,-1,-1,C:\DONNEES\Cadastre2008\FirstShot\34259_St-Georges.gdb\TRONCON_DE_COURS_D_EAU_polygon,SHAPE_Length,-1,-1,C:\DONNEES\Cadastre2008\FirstShot\34270_St-Jean-de-Védas.gdb\TRONCON_DE_COURS_D_EAU_polygon,SHAPE_Length,-1,-1;SHAPE_Area SHAPE_Area false true true 8 Double 0 0 ,First,#,C:\DONNEES\Cadastre2008\FirstShot\34057_Castelnau.gdb\TRONCON_DE_COURS_D_EAU_polygon,SHAPE_Area,-1,-1,C:\DONNEES\Cadastre2008\FirstShot\34077_Clapiers.gdb\TRONCON_DE_COURS_D_EAU_polygon,SHAPE_Area,-1,-1,C:\DONNEES\Cadastre2008\FirstShot\34090_Le Crès.gdb\TRONCON_DE_COURS_D_EAU_polygon,SHAPE_Area,-1,-1,C:\DONNEES\Cadastre2008\FirstShot\34116_Grabels.gdb\TRONCON_DE_COURS_D_EAU_polygon,SHAPE_Area,-1,-1,C:\DONNEES\Cadastre2008\FirstShot\34120_Jacou.gdb\TRONCON_DE_COURS_D_EAU_polygon,SHAPE_Area,-1,-1,C:\DONNEES\Cadastre2008\FirstShot\34123_Juvignac.gdb\TRONCON_DE_COURS_D_EAU_polygon,SHAPE_Area,-1,-1,C:\DONNEES\Cadastre2008\FirstShot\34129_Lattes.gdb\TRONCON_DE_COURS_D_EAU_polygon,SHAPE_Area,-1,-1,C:\DONNEES\Cadastre2008\FirstShot\34134_Lavérune.gdb\TRONCON_DE_COURS_D_EAU_polygon,SHAPE_Area,-1,-1,C:\DONNEES\Cadastre2008\FirstShot\34154_Mauguio.gdb\TRONCON_DE_COURS_D_EAU_polygon,SHAPE_Area,-1,-1,C:\DONNEES\Cadastre2008\FirstShot\34169_Montferrier.gdb\TRONCON_DE_COURS_D_EAU_polygon,SHAPE_Area,-1,-1,C:\DONNEES\Cadastre2008\FirstShot\34172_Montpellier.gdb\TRONCON_DE_COURS_D_EAU_polygon,SHAPE_Area,-1,-1,C:\DONNEES\Cadastre2008\FirstShot\34198_Pérols.gdb\TRONCON_DE_COURS_D_EAU_polygon,SHAPE_Area,-1,-1,C:\DONNEES\Cadastre2008\FirstShot\34240_St-Aunès.gdb\TRONCON_DE_COURS_D_EAU_polygon,SHAPE_Area,-1,-1,C:\DONNEES\Cadastre2008\FirstShot\34247_St-Clément.gdb\TRONCON_DE_COURS_D_EAU_polygon,SHAPE_Area,-1,-1,C:\DONNEES\Cadastre2008\FirstShot\34259_St-Georges.gdb\TRONCON_DE_COURS_D_EAU_polygon,SHAPE_Area,-1,-1,C:\DONNEES\Cadastre2008\FirstShot\34270_St-Jean-de-Védas.gdb\TRONCON_DE_COURS_D_EAU_polygon,SHAPE_Area,-1,-1;SYM SYM true true false 48 Text 0 0 ,First,#,C:\DONNEES\Cadastre2008\FirstShot\34057_Castelnau.gdb\TRONCON_DE_COURS_D_EAU_polygon,SYM,-1,-1,C:\DONNEES\Cadastre2008\FirstShot\34077_Clapiers.gdb\TRONCON_DE_COURS_D_EAU_polygon,SYM,-1,-1,C:\DONNEES\Cadastre2008\FirstShot\34090_Le Crès.gdb\TRONCON_DE_COURS_D_EAU_polygon,SYM,-1,-1,C:\DONNEES\Cadastre2008\FirstShot\34116_Grabels.gdb\TRONCON_DE_COURS_D_EAU_polygon,SYM,-1,-1,C:\DONNEES\Cadastre2008\FirstShot\34120_Jacou.gdb\TRONCON_DE_COURS_D_EAU_polygon,SYM,-1,-1,C:\DONNEES\Cadastre2008\FirstShot\34123_Juvignac.gdb\TRONCON_DE_COURS_D_EAU_polygon,SYM,-1,-1,C:\DONNEES\Cadastre2008\FirstShot\34129_Lattes.gdb\TRONCON_DE_COURS_D_EAU_polygon,SYM,-1,-1,C:\DONNEES\Cadastre2008\FirstShot\34134_Lavérune.gdb\TRONCON_DE_COURS_D_EAU_polygon,SYM,-1,-1,C:\DONNEES\Cadastre2008\FirstShot\34154_Mauguio.gdb\TRONCON_DE_COURS_D_EAU_polygon,SYM,-1,-1,C:\DONNEES\Cadastre2008\FirstShot\34169_Montferrier.gdb\TRONCON_DE_COURS_D_EAU_polygon,SYM,-1,-1,C:\DONNEES\Cadastre2008\FirstShot\34172_Montpellier.gdb\TRONCON_DE_COURS_D_EAU_polygon,SYM,-1,-1,C:\DONNEES\Cadastre2008\FirstShot\34198_Pérols.gdb\TRONCON_DE_COURS_D_EAU_polygon,SYM,-1,-1,C:\DONNEES\Cadastre2008\FirstShot\34240_St-Aunès.gdb\TRONCON_DE_COURS_D_EAU_polygon,SYM,-1,-1,C:\DONNEES\Cadastre2008\FirstShot\34247_St-Clément.gdb\TRONCON_DE_COURS_D_EAU_polygon,SYM,-1,-1,C:\DONNEES\Cadastre2008\FirstShot\34259_St-Georges.gdb\TRONCON_DE_COURS_D_EAU_polygon,SYM,-1,-1,C:\DONNEES\Cadastre2008\FirstShot\34270_St-Jean-de-Védas.gdb\TRONCON_DE_COURS_D_EAU_polygon,SYM,-1,-1"</Process><Process ToolSource="C:\Program Files\ArcGIS\ArcToolbox\Toolboxes\Analysis Tools.tbx\Clip" Date="20091210" Time="123846">Clip D:\DONNEES\Cadastre_2010\FirstShot_NTF\34000_Cadastre_brut.gdb\TRONCON_DE_COURS_D_EAU_polygon D:\DONNEES\Cadastre_2010\Shapefile\cadre21x21.shp D:\DONNEES\Cadastre_2010\FirstShot_NTF\34000_Cadastre.gdb\TRONCON_DE_COURS_D_EAU_polygon #</Process><Process ToolSource="C:\Program Files\ArcGIS\ArcToolbox\Toolboxes\Data Management Tools.tbx\CopyFeatures" Date="20110822" Time="141149">CopyFeatures R:\Cadastre\34000_Cadastre.gdb\TRONCON_DE_COURS_D_EAU_polygon D:\DONNEES\Nicolas\espaces_de_travail\BdPlv_L93\Bdplv10\TRONCON_DE_COURS_D_EAU_polygon.shp # 0 0 0</Process><Process ToolSource="C:\Program Files\ArcGIS\ArcToolbox\Toolboxes\MaToolBox.tbx\Project" Date="20110822" Time="141310">Project D:\DONNEES\Nicolas\espaces_de_travail\BdPlv_L93\Bdplv10\TRONCON_DE_COURS_D_EAU_polygon.shp D:\DONNEES\Nicolas\espaces_de_travail\BdPlv_L93\Bdplv10\TRONCON_DE_COURS_D_EAU.shp PROJCS['RGF93_Lambert_93',GEOGCS['GCS_RGF_1993',DATUM['D_RGF_1993',SPHEROID['GRS_1980',6378137.0,298.257222101]],PRIMEM['Greenwich',0.0],UNIT['Degree',0.0174532925199433]],PROJECTION['Lambert_Conformal_Conic'],PARAMETER['False_Easting',700000.0],PARAMETER['False_Northing',6600000.0],PARAMETER['Central_Meridian',3.0],PARAMETER['Standard_Parallel_1',44.0],PARAMETER['Standard_Parallel_2',49.0],PARAMETER['Latitude_Of_Origin',46.5],UNIT['Meter',1.0]] RGF_1993_To_NTF_NTv2 PROJCS['NTF_Lambert_Zone_III',GEOGCS['GCS_NTF',DATUM['D_NTF',SPHEROID['Clarke_1880_IGN',6378249.2,293.46602]],PRIMEM['Greenwich',0.0],UNIT['Degree',0.0174532925199433]],PROJECTION['Lambert_Conformal_Conic'],PARAMETER['False_Easting',600000.0],PARAMETER['False_Northing',200000.0],PARAMETER['Central_Meridian',2.3372291667],PARAMETER['Standard_Parallel_1',43.1992913889],PARAMETER['Standard_Parallel_2',44.9960938889],PARAMETER['Scale_Factor',1.0],PARAMETER['Latitude_Of_Origin',44.1],UNIT['Meter',1.0]]</Process></lineage></DataProperties><MetaID>{CEE9A85F-D2CD-4C63-A618-BD156AD17414}</MetaID></Esri><idinfo><native Sync="TRUE">Microsoft Windows XP Version 5.1 (Build 2600) Service Pack 3; ESRI ArcCatalog 9.3.1.1850</native><descript><langdata Sync="TRUE">fr</langdata><abstract>REQUIRED: A brief narrative summary of the data set.</abstract><purpose>REQUIRED: A summary of the intentions with which the data set was developed.</purpose></descript><citation><citeinfo><origin>REQUIRED: The name of an organization or individual that developed the data set.</origin><pubdate>REQUIRED: The date when the data set is published or otherwise made available for release.</pubdate><title Sync="TRUE">TRONCON_DE_COURS_D_EAU_polygon</title><ftname Sync="TRUE">TRONCON_DE_COURS_D_EAU_polygon</ftname><geoform Sync="TRUE">vector digital data</geoform><onlink Sync="TRUE"></onlink></citeinfo></citation><timeperd><current>REQUIRED: The basis on which the time period of content information is determined.</current><timeinfo><sngdate><caldate>REQUIRED: The year (and optionally month, or month and day) for which the data set corresponds to the ground.</caldate></sngdate></timeinfo></timeperd><status><progress>REQUIRED: The state of the data set.</progress><update>REQUIRED: The frequency with which changes and additions are made to the data set after the initial data set is completed.</update></status><spdom><bounding><westbc Sync="TRUE">3.782507</westbc><eastbc Sync="TRUE">3.974927</eastbc><northbc Sync="TRUE">43.673265</northbc><southbc Sync="TRUE">43.538296</southbc></bounding><lboundng><leftbc Sync="TRUE">716800.710000</leftbc><rightbc Sync="TRUE">732062.440000</rightbc><bottombc Sync="TRUE">138907.870000</bottombc><topbc Sync="TRUE">153618.970000</topbc></lboundng></spdom><keywords><theme><themekt>REQUIRED: Reference to a formally registered thesaurus or a similar authoritative source of theme keywords.</themekt><themekey>REQUIRED: Common-use word or phrase used to describe the subject of the data set.</themekey></theme></keywords><accconst>REQUIRED: Restrictions and legal prerequisites for accessing the data set.</accconst><useconst>REQUIRED: Restrictions and legal prerequisites for using the data set after access is granted.</useconst><natvform Sync="TRUE">Fichier de formes</natvform></idinfo><dataIdInfo><envirDesc Sync="TRUE">Microsoft Windows XP Version 5.1 (Build 2600) Service Pack 3; ESRI ArcCatalog 9.3.1.1850</envirDesc><dataLang><languageCode Sync="TRUE" value="fr"></languageCode></dataLang><idCitation><resTitle Sync="TRUE">TRONCON_DE_COURS_D_EAU_polygon</resTitle></idCitation><dataExt><geoEle><GeoBndBox esriExtentType="native"><westBL Sync="TRUE">716800.71</westBL><eastBL Sync="TRUE">732062.44</eastBL><northBL Sync="TRUE">153618.97</northBL><southBL Sync="TRUE">138907.87</southBL><exTypeCode Sync="TRUE">1</exTypeCode></GeoBndBox></geoEle></dataExt><geoBox esriExtentType="decdegrees"><westBL Sync="TRUE">3.782507</westBL><eastBL Sync="TRUE">3.974927</eastBL><northBL Sync="TRUE">43.673265</northBL><southBL Sync="TRUE">43.538296</southBL><exTypeCode Sync="TRUE">1</exTypeCode></geoBox></dataIdInfo><metainfo><langmeta Sync="TRUE">fr</langmeta><metstdn Sync="TRUE">FGDC Content Standards for Digital Geospatial Metadata</metstdn><metstdv Sync="TRUE">FGDC-STD-001-1998</metstdv><mettc Sync="TRUE">local time</mettc><metc><cntinfo><cntorgp><cntper>REQUIRED: The person responsible for the metadata information.</cntper><cntorg>REQUIRED: The organization responsible for the metadata information.</cntorg></cntorgp><cntaddr><addrtype>REQUIRED: The mailing and/or physical address for the organization or individual.</addrtype><city>REQUIRED: The city of the address.</city><state>REQUIRED: The state or province of the address.</state><postal>REQUIRED: The ZIP or other postal code of the address.</postal></cntaddr><cntvoice>REQUIRED: The telephone number by which individuals can speak to the organization or individual.</cntvoice></cntinfo></metc><metd Sync="TRUE">20110822</metd><metextns><onlink Sync="TRUE">http://www.esri.com/metadata/esriprof80.html</onlink><metprof Sync="TRUE">ESRI Metadata Profile</metprof></metextns></metainfo><mdLang><languageCode Sync="TRUE" value="fr"></languageCode></mdLang><mdStanName Sync="TRUE">ISO 19115 Informations géographiques - Métadonnées</mdStanName><mdStanVer Sync="TRUE"># 11108</mdStanVer><mdChar><CharSetCd Sync="TRUE" value="# 11111"></CharSetCd></mdChar><mdHrLv><ScopeCd Sync="TRUE" value="# 11109"></ScopeCd></mdHrLv><mdHrLvName Sync="TRUE"># 11110</mdHrLvName><distinfo><resdesc Sync="TRUE">Downloadable Data</resdesc><stdorder><digform><digtinfo><transize Sync="TRUE">0.000</transize><dssize Sync="TRUE">0.000</dssize></digtinfo></digform></stdorder></distinfo><distInfo><distributor><distorTran><onLineSrc><orDesc Sync="TRUE">002</orDesc><linkage Sync="TRUE">file://</linkage><protocol Sync="TRUE">Local Area Network</protocol></onLineSrc><transSize Sync="TRUE">0.000</transSize></distorTran><distorFormat><formatName Sync="TRUE">Fichier de formes</formatName></distorFormat></distributor></distInfo><spdoinfo><direct Sync="TRUE">Vector</direct><ptvctinf><esriterm Name="TRONCON_DE_COURS_D_EAU_polygon"><efeatyp Sync="TRUE">Simple</efeatyp><efeageom Sync="TRUE">Polygon</efeageom><esritopo Sync="TRUE">FALSE</esritopo><efeacnt Sync="TRUE">0</efeacnt><spindex Sync="TRUE">FALSE</spindex><linrefer Sync="TRUE">FALSE</linrefer></esriterm><sdtsterm Name="TRONCON_DE_COURS_D_EAU_polygon"><sdtstype Sync="TRUE">G-polygon</sdtstype><ptvctcnt Sync="TRUE">0</ptvctcnt></sdtsterm></ptvctinf></spdoinfo><spref><horizsys><cordsysn><geogcsn Sync="TRUE">GCS_NTF</geogcsn><projcsn Sync="TRUE">NTF_Lambert_Zone_III</projcsn></cordsysn><planar><planci><plance Sync="TRUE">coordinate pair</plance><plandu Sync="TRUE">meters</plandu><coordrep><absres Sync="TRUE">0.000000</absres><ordres Sync="TRUE">0.000000</ordres></coordrep></planci><mapproj><mapprojn Sync="TRUE">Lambert Conformal Conic</mapprojn><lambertc><stdparll Sync="TRUE">43.199291</stdparll><stdparll Sync="TRUE">44.996094</stdparll><longcm Sync="TRUE">2.337229</longcm><latprjo Sync="TRUE">44.100000</latprjo><feast Sync="TRUE">600000.000000</feast><fnorth Sync="TRUE">200000.000000</fnorth></lambertc></mapproj></planar><geodetic><horizdn Sync="TRUE">D_NTF</horizdn><ellips Sync="TRUE">Clarke_1880_IGN</ellips><semiaxis Sync="TRUE">6378249.200000</semiaxis><denflat Sync="TRUE">293.466020</denflat></geodetic></horizsys><vertdef><altsys><altenc Sync="TRUE">Explicit elevation coordinate included with horizontal coordinates</altenc><altres Sync="TRUE">0.000100</altres></altsys></vertdef></spref><refSysInfo><RefSystem><refSysID><identCode Sync="TRUE">NTF_Lambert_Zone_III</identCode></refSysID></RefSystem></refSysInfo><spatRepInfo><VectSpatRep><topLvl><TopoLevCd Sync="TRUE" value="001"></TopoLevCd></topLvl><geometObjs Name="TRONCON_DE_COURS_D_EAU_polygon"><geoObjTyp><GeoObjTypCd Sync="TRUE" value="001"></GeoObjTypCd></geoObjTyp><geoObjCnt Sync="TRUE">0</geoObjCnt></geometObjs></VectSpatRep></spatRepInfo><eainfo><detailed Name="TRONCON_DE_COURS_D_EAU_polygon"><enttyp><enttypl Sync="TRUE">TRONCON_DE_COURS_D_EAU_polygon</enttypl><enttypt Sync="TRUE">Feature Class</enttypt><enttypc Sync="TRUE">0</enttypc></enttyp><attr><attrlabl Sync="TRUE">SHAPE_Area</attrlabl><attalias Sync="TRUE">FID</attalias><attrtype Sync="TRUE">OID</attrtype><attwidth Sync="TRUE">4</attwidth><atprecis Sync="TRUE">0</atprecis><attscale Sync="TRUE">0</attscale><attrdef Sync="TRUE">Area of feature in internal units squared.</attrdef><attrdefs Sync="TRUE">ESRI</attrdefs><attrdomv><udom Sync="TRUE">Positive real numbers that are automatically generated.</udom></attrdomv></attr><attr><attrlabl Sync="TRUE">CODE_COM</attrlabl><attalias Sync="TRUE">CODE_COM</attalias><attrtype Sync="TRUE">String</attrtype><attwidth Sync="TRUE">3</attwidth></attr><attr><attrlabl Sync="TRUE">Shape</attrlabl><attalias Sync="TRUE">PRE</attalias><attrtype Sync="TRUE">String</attrtype><attwidth Sync="TRUE">3</attwidth><atprecis Sync="TRUE">0</atprecis><attscale Sync="TRUE">0</attscale><attrdef Sync="TRUE">Feature geometry.</attrdef><attrdefs Sync="TRUE">ESRI</attrdefs><attrdomv><udom Sync="TRUE">Coordinates defining the features.</udom></attrdomv></attr><attr><attrlabl Sync="TRUE">PRE</attrlabl><attalias Sync="TRUE">SECTION_</attalias><attrtype Sync="TRUE">String</attrtype><attwidth Sync="TRUE">3</attwidth></attr><attr><attrlabl Sync="TRUE">SECTION_</attrlabl><attalias Sync="TRUE">TEXTE</attalias><attrtype Sync="TRUE">String</attrtype><attwidth Sync="TRUE">2</attwidth></attr><attr><attrlabl Sync="TRUE">TEXTE</attrlabl><attalias Sync="TRUE">Shape</attalias><attrtype Sync="TRUE">String</attrtype><attwidth Sync="TRUE">254</attwidth><attrdef Sync="TRUE">Feature geometry.</attrdef><attrdefs Sync="TRUE">ESRI</attrdefs><attrdomv><udom Sync="TRUE">Coordinates defining the features.</udom></attrdomv></attr><attr><attrlabl Sync="TRUE">SHAPE</attrlabl><attalias Sync="TRUE">Shape_Area</attalias><attrtype Sync="TRUE">Double</attrtype><attwidth Sync="TRUE">19</attwidth><atprecis Sync="TRUE">0</atprecis><attscale Sync="TRUE">0</attscale><attrdef Sync="TRUE">Feature geometry.</attrdef><attrdefs Sync="TRUE">ESRI</attrdefs><attrdomv><udom Sync="TRUE">Coordinates defining the features.</udom></attrdomv></attr><attr><attrlabl Sync="TRUE">SYM</attrlabl><attalias Sync="TRUE">Shape_Leng</attalias><attrtype Sync="TRUE">String</attrtype><attwidth Sync="TRUE">48</attwidth></attr><attr><attrlabl Sync="TRUE">Shape_Area</attrlabl><attalias Sync="TRUE">SYM</attalias><attrtype Sync="TRUE">Float</attrtype><attwidth Sync="TRUE">19</attwidth><attrdef Sync="TRUE">Area of feature in internal units squared.</attrdef><attrdefs Sync="TRUE">ESRI</attrdefs><attrdomv><udom Sync="TRUE">Positive real numbers that are automatically generated.</udom></attrdomv><atnumdec Sync="TRUE">11</atnumdec></attr></detailed></eainfo><mdDateSt Sync="TRUE">20110822</mdDateSt><dataqual><lineage><procstep><procdesc Sync="TRUE">Jeu de données copié.</procdesc><srcused Sync="TRUE">\\EMT-P035\D$\DONNEES\Cadastre_2010\FirstShot_NTF\34000_Cadastre_brut2008.gdb</srcused><procdate Sync="TRUE">20091210</procdate><proctime Sync="TRUE">10483500</proctime></procstep><procstep><procdesc Sync="TRUE">Jeu de données copié.</procdesc><srcused Sync="TRUE"></srcused><procdate Sync="TRUE">20110822</procdate><proctime Sync="TRUE">14130900</proctime></procstep></lineage></dataqual></metadata>
