<?xml version="1.0"?>
<!--<!DOCTYPE metadata SYSTEM "http://www.esri.com/metadata/esriprof80.dtd">-->
<metadata xml:lang="fr"><Esri><MetaID>{5AA34B49-B4A6-468F-955D-4883CE513AA9}</MetaID><CreaDate>20130121</CreaDate><CreaTime>16270500</CreaTime><SyncOnce>FALSE</SyncOnce><SyncDate>20130121</SyncDate><SyncTime>16270600</SyncTime><ModDate>20130121</ModDate><ModTime>16270600</ModTime><DataProperties><lineage><Process Name="FeatureClassToFeatureClass_4" ToolSource="C:\Program Files\ArcGIS\ArcToolbox\Toolboxes\Conversion Tools.tbx\FeatureClassToFeatureClass" Date="20130121" Time="163616">FeatureClassToFeatureClass "Database Connections\sig.sde\IMAVOI.Arbre" c:/ arbres.shp # "SITE SITE true false false 8 Double 0 11 ,First,#,Database Connections\sig.sde\IMAVOI.Arbre,SITE,-1,-1;NUMORDRE NUMORDRE true false false 8 Double 0 11 ,First,#,Database Connections\sig.sde\IMAVOI.Arbre,NUMORDRE,-1,-1;MAJ MAJ true true false 36 Date 0 0 ,First,#,Database Connections\sig.sde\IMAVOI.Arbre,MAJ,-1,-1;IDARBRE IDARBRE true false false 10 Text 0 0 ,First,#,Database Connections\sig.sde\IMAVOI.Arbre,IDARBRE,-1,-1;BOTANIQUE BOTANIQUE true false false 37 Text 0 0 ,First,#,Database Connections\sig.sde\IMAVOI.Arbre,BOTANIQUE,-1,-1;VERNACULAI Vernaculai true false false 148 Text 0 0 ,First,#,Database Connections\sig.sde\IMAVOI.Arbre,VERNACULAIRE,-1,-1;USUEL USUEL true false false 43 Text 0 0 ,First,#,Database Connections\sig.sde\IMAVOI.Arbre,USUEL,-1,-1;OCCITAN OCCITAN true false false 103 Text 0 0 ,First,#,Database Connections\sig.sde\IMAVOI.Arbre,OCCITAN,-1,-1;FAMILLE FAMILLE true false false 16 Text 0 0 ,First,#,Database Connections\sig.sde\IMAVOI.Arbre,FAMILLE,-1,-1;ORIGINE ORIGINE true false false 198 Text 0 0 ,First,#,Database Connections\sig.sde\IMAVOI.Arbre,ORIGINE,-1,-1;HAUTEUR_M Hauteur_m_ true false false 4 Long 0 6 ,First,#,Database Connections\sig.sde\IMAVOI.Arbre,HAUTEUR_M,-1,-1;CIRCONF_CM CIRCONF_CM true false false 4 Long 0 6 ,First,#,Database Connections\sig.sde\IMAVOI.Arbre,CIRCONF_CM,-1,-1;PLANTATION PLANTATION true false false 8 Double 0 11 ,First,#,Database Connections\sig.sde\IMAVOI.Arbre,PLANTATION,-1,-1;RELEVE RELEVE true true false 36 Date 0 0 ,First,#,Database Connections\sig.sde\IMAVOI.Arbre,RELEVE,-1,-1" # c:/arbres.shp</Process></lineage></DataProperties></Esri><idinfo><native Sync="TRUE">Microsoft Windows XP Version 5.1 (Build 2600) Service Pack 3; ESRI ArcCatalog 9.2.5.1450</native><descript><langdata Sync="TRUE">fr</langdata><abstract>REQUIRED: A brief narrative summary of the data set.</abstract><purpose>REQUIRED: A summary of the intentions with which the data set was developed.</purpose></descript><citation><citeinfo><origin>REQUIRED: The name of an organization or individual that developed the data set.</origin><pubdate>REQUIRED: The date when the data set is published or otherwise made available for release.</pubdate><title Sync="TRUE">arbres</title><ftname Sync="TRUE">arbres</ftname><geoform Sync="TRUE">vector digital data</geoform><onlink Sync="TRUE">\\IG-P149\C$\arbres.shp</onlink></citeinfo></citation><timeperd><current>REQUIRED: The basis on which the time period of content information is determined.</current><timeinfo><sngdate><caldate>REQUIRED: The year (and optionally month, or month and day) for which the data set corresponds to the ground.</caldate></sngdate></timeinfo></timeperd><status><progress>REQUIRED: The state of the data set.</progress><update>REQUIRED: The frequency with which changes and additions are made to the data set after the initial data set is completed.</update></status><spdom><bounding><westbc Sync="TRUE">REQUIRED: Western-most coordinate of the limit of coverage expressed in longitude.</westbc><eastbc Sync="TRUE">REQUIRED: Eastern-most coordinate of the limit of coverage expressed in longitude.</eastbc><northbc Sync="TRUE">REQUIRED: Northern-most coordinate of the limit of coverage expressed in latitude.</northbc><southbc Sync="TRUE">REQUIRED: Southern-most coordinate of the limit of coverage expressed in latitude.</southbc></bounding></spdom><keywords><theme><themekt>REQUIRED: Reference to a formally registered thesaurus or a similar authoritative source of theme keywords.</themekt><themekey>REQUIRED: Common-use word or phrase used to describe the subject of the data set.</themekey></theme></keywords><accconst>REQUIRED: Restrictions and legal prerequisites for accessing the data set.</accconst><useconst>REQUIRED: Restrictions and legal prerequisites for using the data set after access is granted.</useconst><natvform Sync="TRUE">Shapefile</natvform></idinfo><dataIdInfo><envirDesc Sync="TRUE">Microsoft Windows XP Version 5.1 (Build 2600) Service Pack 3; ESRI ArcCatalog 9.2.5.1450</envirDesc><dataLang><languageCode Sync="TRUE" value="fr"></languageCode></dataLang><idCitation><resTitle Sync="TRUE">arbres</resTitle><presForm><PresFormCd Sync="TRUE" value="005"></PresFormCd></presForm></idCitation><spatRpType><SpatRepTypCd Sync="TRUE" value="001"></SpatRepTypCd></spatRpType></dataIdInfo><metainfo><langmeta Sync="TRUE">fr</langmeta><metstdn Sync="TRUE">FGDC Content Standards for Digital Geospatial Metadata</metstdn><metstdv Sync="TRUE">FGDC-STD-001-1998</metstdv><mettc Sync="TRUE">local time</mettc><metextns><onlink Sync="TRUE">http://www.esri.com/metadata/esriprof80.html</onlink><metprof Sync="TRUE">ESRI Metadata Profile</metprof></metextns><metc><cntinfo><cntorgp><cntper>REQUIRED: The person responsible for the metadata information.</cntper><cntorg>REQUIRED: The organization responsible for the metadata information.</cntorg></cntorgp><cntaddr><addrtype>REQUIRED: The mailing and/or physical address for the organization or individual.</addrtype><city>REQUIRED: The city of the address.</city><state>REQUIRED: The state or province of the address.</state><postal>REQUIRED: The ZIP or other postal code of the address.</postal></cntaddr><cntvoice>REQUIRED: The telephone number by which individuals can speak to the organization or individual.</cntvoice></cntinfo></metc><metd Sync="TRUE">20130121</metd></metainfo><mdLang><languageCode Sync="TRUE" value="fr"></languageCode></mdLang><mdStanName Sync="TRUE">ISO 19115 Geographic Information - Metadata</mdStanName><mdStanVer Sync="TRUE">DIS_ESRI1.0</mdStanVer><mdChar><CharSetCd Sync="TRUE" value="004"></CharSetCd></mdChar><mdHrLv><ScopeCd Sync="TRUE" value="005"></ScopeCd></mdHrLv><mdHrLvName Sync="TRUE">dataset</mdHrLvName><distinfo><resdesc Sync="TRUE">Downloadable Data</resdesc><stdorder><digform><digtinfo><transize Sync="TRUE">0,000</transize><dssize Sync="TRUE">0,000</dssize></digtinfo></digform></stdorder></distinfo><distInfo><distributor><distorTran><onLineSrc><orDesc Sync="TRUE">002</orDesc><linkage Sync="TRUE">file://\\IG-P149\C$\arbres.shp</linkage><protocol Sync="TRUE">Local Area Network</protocol></onLineSrc><transSize Sync="TRUE">0,000</transSize></distorTran><distorFormat><formatName Sync="TRUE">Shapefile</formatName></distorFormat></distributor></distInfo><spdoinfo><direct Sync="TRUE">Vector</direct><ptvctinf><esriterm Name="arbres"><efeatyp Sync="TRUE">Simple</efeatyp><efeageom Sync="TRUE">Point</efeageom><esritopo Sync="TRUE">FALSE</esritopo><efeacnt Sync="TRUE">0</efeacnt><spindex Sync="TRUE">FALSE</spindex><linrefer Sync="TRUE">FALSE</linrefer></esriterm><sdtsterm Name="arbres"><sdtstype Sync="TRUE">Entity point</sdtstype><ptvctcnt Sync="TRUE">0</ptvctcnt></sdtsterm></ptvctinf></spdoinfo><spref><horizsys><cordsysn><geogcsn Sync="TRUE">GCS_RGF_1993</geogcsn><projcsn Sync="TRUE">RGF93_Lambert_93</projcsn></cordsysn><planar><mapproj><mapprojn Sync="TRUE">Lambert Conformal Conic</mapprojn><lambertc><stdparll Sync="TRUE">44.000000</stdparll><stdparll Sync="TRUE">49.000000</stdparll><longcm Sync="TRUE">3.000000</longcm><latprjo Sync="TRUE">46.500000</latprjo><feast Sync="TRUE">700000.000000</feast><fnorth Sync="TRUE">6600000.000000</fnorth></lambertc></mapproj><planci><plance Sync="TRUE">coordinate pair</plance><plandu Sync="TRUE">meters</plandu><coordrep><absres Sync="TRUE">0.000000</absres><ordres Sync="TRUE">0.000000</ordres></coordrep></planci></planar><geodetic><horizdn Sync="TRUE">D_RGF_1993</horizdn><ellips Sync="TRUE">Geodetic Reference System 80</ellips><semiaxis Sync="TRUE">6378137.000000</semiaxis><denflat Sync="TRUE">298.257222</denflat></geodetic></horizsys></spref><refSysInfo><RefSystem><refSysID><identCode Sync="TRUE">RGF93_Lambert_93</identCode></refSysID></RefSystem></refSysInfo><spatRepInfo><VectSpatRep><topLvl><TopoLevCd Sync="TRUE" value="001"></TopoLevCd></topLvl><geometObjs Name="arbres"><geoObjTyp><GeoObjTypCd Sync="TRUE" value="004"></GeoObjTypCd></geoObjTyp><geoObjCnt Sync="TRUE">0</geoObjCnt></geometObjs></VectSpatRep></spatRepInfo><eainfo><detailed Name="arbres"><enttyp><enttypl Sync="TRUE">arbres</enttypl><enttypt Sync="TRUE">Feature Class</enttypt><enttypc Sync="TRUE">0</enttypc></enttyp><attr><attrlabl Sync="TRUE">FID</attrlabl><attalias Sync="TRUE">FID</attalias><attrtype Sync="TRUE">OID</attrtype><attwidth Sync="TRUE">4</attwidth><atprecis Sync="TRUE">0</atprecis><attscale Sync="TRUE">0</attscale><attrdef Sync="TRUE">Internal feature number.</attrdef><attrdefs Sync="TRUE">ESRI</attrdefs><attrdomv><udom Sync="TRUE">Sequential unique whole numbers that are automatically generated.</udom></attrdomv></attr><attr><attrlabl Sync="TRUE">Shape</attrlabl><attalias Sync="TRUE">Shape</attalias><attrtype Sync="TRUE">Geometry</attrtype><attwidth Sync="TRUE">0</attwidth><atprecis Sync="TRUE">0</atprecis><attscale Sync="TRUE">0</attscale><attrdef Sync="TRUE">Feature geometry.</attrdef><attrdefs Sync="TRUE">ESRI</attrdefs><attrdomv><udom Sync="TRUE">Coordinates defining the features.</udom></attrdomv></attr><attr><attrlabl Sync="TRUE">SITE</attrlabl><attalias Sync="TRUE">SITE</attalias><attrtype Sync="TRUE">Number</attrtype><attwidth Sync="TRUE">11</attwidth></attr><attr><attrlabl Sync="TRUE">NUMORDRE</attrlabl><attalias Sync="TRUE">NUMORDRE</attalias><attrtype Sync="TRUE">Number</attrtype><attwidth Sync="TRUE">11</attwidth></attr><attr><attrlabl Sync="TRUE">MAJ</attrlabl><attalias Sync="TRUE">MAJ</attalias><attrtype Sync="TRUE">Date</attrtype><attwidth Sync="TRUE">8</attwidth></attr><attr><attrlabl Sync="TRUE">IDARBRE</attrlabl><attalias Sync="TRUE">IDARBRE</attalias><attrtype Sync="TRUE">String</attrtype><attwidth Sync="TRUE">10</attwidth></attr><attr><attrlabl Sync="TRUE">BOTANIQUE</attrlabl><attalias Sync="TRUE">BOTANIQUE</attalias><attrtype Sync="TRUE">String</attrtype><attwidth Sync="TRUE">37</attwidth></attr><attr><attrlabl Sync="TRUE">VERNACULAI</attrlabl><attalias Sync="TRUE">VERNACULAI</attalias><attrtype Sync="TRUE">String</attrtype><attwidth Sync="TRUE">148</attwidth></attr><attr><attrlabl Sync="TRUE">USUEL</attrlabl><attalias Sync="TRUE">USUEL</attalias><attrtype Sync="TRUE">String</attrtype><attwidth Sync="TRUE">43</attwidth></attr><attr><attrlabl Sync="TRUE">OCCITAN</attrlabl><attalias Sync="TRUE">OCCITAN</attalias><attrtype Sync="TRUE">String</attrtype><attwidth Sync="TRUE">103</attwidth></attr><attr><attrlabl Sync="TRUE">FAMILLE</attrlabl><attalias Sync="TRUE">FAMILLE</attalias><attrtype Sync="TRUE">String</attrtype><attwidth Sync="TRUE">16</attwidth></attr><attr><attrlabl Sync="TRUE">ORIGINE</attrlabl><attalias Sync="TRUE">ORIGINE</attalias><attrtype Sync="TRUE">String</attrtype><attwidth Sync="TRUE">198</attwidth></attr><attr><attrlabl Sync="TRUE">HAUTEUR_M</attrlabl><attalias Sync="TRUE">HAUTEUR_M</attalias><attrtype Sync="TRUE">Number</attrtype><attwidth Sync="TRUE">6</attwidth></attr><attr><attrlabl Sync="TRUE">CIRCONF_CM</attrlabl><attalias Sync="TRUE">CIRCONF_CM</attalias><attrtype Sync="TRUE">Number</attrtype><attwidth Sync="TRUE">6</attwidth></attr><attr><attrlabl Sync="TRUE">PLANTATION</attrlabl><attalias Sync="TRUE">PLANTATION</attalias><attrtype Sync="TRUE">Number</attrtype><attwidth Sync="TRUE">11</attwidth></attr><attr><attrlabl Sync="TRUE">RELEVE</attrlabl><attalias Sync="TRUE">RELEVE</attalias><attrtype Sync="TRUE">Date</attrtype><attwidth Sync="TRUE">8</attwidth></attr></detailed></eainfo><mdDateSt Sync="TRUE">20130121</mdDateSt></metadata>
