<?xml version="1.0"?>
<!--<!DOCTYPE metadata SYSTEM "http://www.esri.com/metadata/esriprof80.dtd">-->
<metadata xml:lang="fr"><Esri><CreaDate>20110929</CreaDate><CreaTime>15171400</CreaTime><SyncOnce>FALSE</SyncOnce><SyncDate>20110517</SyncDate><SyncTime>11223500</SyncTime><ModDate>20110517</ModDate><ModTime>11223500</ModTime><DataProperties><lineage><Process ToolSource="C:\Program Files\ArcGIS\ArcToolbox\Toolboxes\Conversion Tools.tbx\FeatureClassToFeatureClass" Date="20110517" Time="112248">FeatureClassToFeatureClass "Connexions aux bases de données\Connection to ig-margote.sde\IMAVOI.voi_refl" "T:\DEPLACEMENTS - OBSERVATOIRE\données déplacements - sce BIBLIOTHEME A VOIR\stationnement" tarifstavoi.shp # "CIRCULATIO 'CIRCULATIO' true true false 50 Text 0 0 ,First,#,Connexions aux bases de données\Connection to ig-margote.sde\IMAVOI.voi_refl,CIRCULATION,-1,-1;CODCOMM 'CODCOMM' true true false 6 Text 0 0 ,First,#,Connexions aux bases de données\Connection to ig-margote.sde\IMAVOI.voi_refl,CODCOMM,-1,-1;DOMAINE 'DOMAINE' true true false 50 Text 0 0 ,First,#,Connexions aux bases de données\Connection to ig-margote.sde\IMAVOI.voi_refl,DOMAINE,-1,-1;HIERARCHIE 'HIERARCHIE' true true false 50 Text 0 0 ,First,#,Connexions aux bases de données\Connection to ig-margote.sde\IMAVOI.voi_refl,HIERARCHIE,-1,-1;ID_ARC 'ID_ARC' true false false 4 Long 0 10 ,First,#,Connexions aux bases de données\Connection to ig-margote.sde\IMAVOI.voi_refl,ID_ARC,-1,-1;F_ID_NODE 'F_ID_NODE' true false false 4 Long 0 10 ,First,#,Connexions aux bases de données\Connection to ig-margote.sde\IMAVOI.voi_refl,F_ID_NODE,-1,-1;LONGUEUR 'LONGUEUR' true true false 8 Double 8 38 ,First,#,Connexions aux bases de données\Connection to ig-margote.sde\IMAVOI.voi_refl,LONGUEUR,-1,-1;NOTES 'NOTES' true true false 80 Text 0 0 ,First,#,Connexions aux bases de données\Connection to ig-margote.sde\IMAVOI.voi_refl,NOTES,-1,-1;NUM_D_D 'NUM_D_D' true true false 4 Long 0 10 ,First,#,Connexions aux bases de données\Connection to ig-margote.sde\IMAVOI.voi_refl,NUM_D_D,-1,-1;NUM_D_F 'NUM_D_F' true true false 4 Long 0 10 ,First,#,Connexions aux bases de données\Connection to ig-margote.sde\IMAVOI.voi_refl,NUM_D_F,-1,-1;NUM_G_D 'NUM_G_D' true true false 4 Long 0 10 ,First,#,Connexions aux bases de données\Connection to ig-margote.sde\IMAVOI.voi_refl,NUM_G_D,-1,-1;NUM_G_F 'NUM_G_F' true true false 4 Long 0 10 ,First,#,Connexions aux bases de données\Connection to ig-margote.sde\IMAVOI.voi_refl,NUM_G_F,-1,-1;NUMERO 'NUMERO' true true false 20 Text 0 0 ,First,#,Connexions aux bases de données\Connection to ig-margote.sde\IMAVOI.voi_refl,NUMERO,-1,-1;OCCUPATION 'OCCUPATION' true true false 50 Text 0 0 ,First,#,Connexions aux bases de données\Connection to ig-margote.sde\IMAVOI.voi_refl,OCCUPATION,-1,-1;PERIMETRE 'PERIMETRE' true true false 8 Double 8 38 ,First,#,Connexions aux bases de données\Connection to ig-margote.sde\IMAVOI.voi_refl,PERIMETRE,-1,-1;RIVOLI 'RIVOLI' true true false 4 Text 0 0 ,First,#,Connexions aux bases de données\Connection to ig-margote.sde\IMAVOI.voi_refl,RIVOLI,-1,-1;SUF_D_D 'SUF_D_D' true true false 3 Text 0 0 ,First,#,Connexions aux bases de données\Connection to ig-margote.sde\IMAVOI.voi_refl,SUF_D_D,-1,-1;SUF_D_F 'SUF_D_F' true true false 3 Text 0 0 ,First,#,Connexions aux bases de données\Connection to ig-margote.sde\IMAVOI.voi_refl,SUF_D_F,-1,-1;SUF_G_D 'SUF_G_D' true true false 3 Text 0 0 ,First,#,Connexions aux bases de données\Connection to ig-margote.sde\IMAVOI.voi_refl,SUF_G_D,-1,-1;SUF_G_F 'SUF_G_F' true true false 3 Text 0 0 ,First,#,Connexions aux bases de données\Connection to ig-margote.sde\IMAVOI.voi_refl,SUF_G_F,-1,-1;SURFACE 'SURFACE' true true false 8 Double 8 38 ,First,#,Connexions aux bases de données\Connection to ig-margote.sde\IMAVOI.voi_refl,SURFACE,-1,-1;SYMBOL 'SYMBOL' true true false 4 Long 0 10 ,First,#,Connexions aux bases de données\Connection to ig-margote.sde\IMAVOI.voi_refl,SYMBOL,-1,-1;T_ID_NODE 'T_ID_NODE' true false false 4 Long 0 10 ,First,#,Connexions aux bases de données\Connection to ig-margote.sde\IMAVOI.voi_refl,T_ID_NODE,-1,-1;TYPE 'TYPE' true true false 50 Text 0 0 ,First,#,Connexions aux bases de données\Connection to ig-margote.sde\IMAVOI.voi_refl,TYPE,-1,-1;DUOP 'DUOP' true true false 1 Text 0 0 ,First,#,Connexions aux bases de données\Connection to ig-margote.sde\IMAVOI.voi_refl,DUOP,-1,-1;PROPRIO 'PROPRIO' true true false 50 Text 0 0 ,First,#,Connexions aux bases de données\Connection to ig-margote.sde\IMAVOI.voi_refl,PROPRIO,-1,-1;ZAC 'ZAC' true true false 100 Text 0 0 ,First,#,Connexions aux bases de données\Connection to ig-margote.sde\IMAVOI.voi_refl,ZAC,-1,-1;SHAPE_LEN 'SHAPE_LEN' false false true 0 Double 0 0 ,First,#,Connexions aux bases de données\Connection to ig-margote.sde\IMAVOI.voi_refl,SHAPE.LEN,-1,-1" # "T:\DEPLACEMENTS - OBSERVATOIRE\données déplacements - sce BIBLIOTHEME A VOIR\stationnement\tarifstavoi.shp"</Process><Process ToolSource="C:\Program Files\ArcGIS\ArcToolbox\Toolboxes\Data Management Tools.tbx\DeleteField" Date="20110929" Time="161226">DeleteField "T:\DEPLACEMENTS - OBSERVATOIRE\données déplacements - sce BIBLIOTHEME A VOIR\stationnement\tarifstavoi2011.shp" tarifsproj "T:\DEPLACEMENTS - OBSERVATOIRE\données déplacements - sce BIBLIOTHEME A VOIR\stationnement\tarifstavoi2011.shp"</Process><Process ToolSource="C:\Program Files\ArcGIS\ArcToolbox\Toolboxes\Data Management Tools.tbx\DeleteField" Date="20110929" Time="161256">DeleteField "T:\DEPLACEMENTS - OBSERVATOIRE\données déplacements - sce BIBLIOTHEME A VOIR\stationnement\tarifstavoi2011.shp" rmqtarif "T:\DEPLACEMENTS - OBSERVATOIRE\données déplacements - sce BIBLIOTHEME A VOIR\stationnement\tarifstavoi2011.shp"</Process></lineage></DataProperties><MetaID>{7D47DB9C-0840-45D4-818C-AB2F714194CB}</MetaID></Esri><idinfo><native Sync="TRUE">Microsoft Windows XP Version 5.1 (Build 2600) Service Pack 3; ESRI ArcCatalog 9.3.0.1770</native><descript><langdata Sync="TRUE">fr</langdata><abstract>REQUIRED: A brief narrative summary of the data set.</abstract><purpose>REQUIRED: A summary of the intentions with which the data set was developed.</purpose></descript><citation><citeinfo><origin>REQUIRED: The name of an organization or individual that developed the data set.</origin><pubdate>REQUIRED: The date when the data set is published or otherwise made available for release.</pubdate><title Sync="TRUE">tarifstavoi</title><ftname Sync="TRUE">tarifstavoi</ftname><geoform Sync="TRUE">vector digital data</geoform><onlink Sync="TRUE">\\ig-gonzo\dap$\DEPLACEMENTS - OBSERVATOIRE\données déplacements - sce BIBLIOTHEME A VOIR\stationnement\tarifstavoiCopier</onlink></citeinfo></citation><timeperd><current>REQUIRED: The basis on which the time period of content information is determined.</current><timeinfo><sngdate><caldate>REQUIRED: The year (and optionally month, or month and day) for which the data set corresponds to the ground.</caldate></sngdate></timeinfo></timeperd><status><progress>REQUIRED: The state of the data set.</progress><update>REQUIRED: The frequency with which changes and additions are made to the data set after the initial data set is completed.</update></status><spdom><bounding><westbc Sync="TRUE">REQUIRED: Western-most coordinate of the limit of coverage expressed in longitude.</westbc><eastbc Sync="TRUE">REQUIRED: Eastern-most coordinate of the limit of coverage expressed in longitude.</eastbc><northbc Sync="TRUE">REQUIRED: Northern-most coordinate of the limit of coverage expressed in latitude.</northbc><southbc Sync="TRUE">REQUIRED: Southern-most coordinate of the limit of coverage expressed in latitude.</southbc></bounding></spdom><keywords><theme><themekt>REQUIRED: Reference to a formally registered thesaurus or a similar authoritative source of theme keywords.</themekt><themekey>REQUIRED: Common-use word or phrase used to describe the subject of the data set.</themekey></theme></keywords><accconst>REQUIRED: Restrictions and legal prerequisites for accessing the data set.</accconst><useconst>REQUIRED: Restrictions and legal prerequisites for using the data set after access is granted.</useconst><natvform Sync="TRUE">Fichier de formes</natvform></idinfo><dataIdInfo><envirDesc Sync="TRUE">Microsoft Windows XP Version 5.1 (Build 2600) Service Pack 3; ESRI ArcCatalog 9.3.0.1770</envirDesc><dataLang><languageCode Sync="TRUE" value="fr"></languageCode></dataLang><idCitation><resTitle Sync="TRUE">tarifstavoi</resTitle></idCitation></dataIdInfo><metainfo><langmeta Sync="TRUE">fr</langmeta><metstdn Sync="TRUE">FGDC Content Standards for Digital Geospatial Metadata</metstdn><metstdv Sync="TRUE">FGDC-STD-001-1998</metstdv><mettc Sync="TRUE">local time</mettc><metextns><onlink Sync="TRUE">http://www.esri.com/metadata/esriprof80.html</onlink><metprof Sync="TRUE">ESRI Metadata Profile</metprof></metextns><metc><cntinfo><cntorgp><cntper>REQUIRED: The person responsible for the metadata information.</cntper><cntorg>REQUIRED: The organization responsible for the metadata information.</cntorg></cntorgp><cntaddr><addrtype>REQUIRED: The mailing and/or physical address for the organization or individual.</addrtype><city>REQUIRED: The city of the address.</city><state>REQUIRED: The state or province of the address.</state><postal>REQUIRED: The ZIP or other postal code of the address.</postal></cntaddr><cntvoice>REQUIRED: The telephone number by which individuals can speak to the organization or individual.</cntvoice></cntinfo></metc><metd Sync="TRUE">20110517</metd></metainfo><mdLang><languageCode Sync="TRUE" value="fr"></languageCode></mdLang><mdStanName Sync="TRUE">ISO 19115 Informations géographiques - Métadonnées</mdStanName><mdStanVer Sync="TRUE"># 11108</mdStanVer><mdChar><CharSetCd Sync="TRUE" value="# 11111"></CharSetCd></mdChar><mdHrLv><ScopeCd Sync="TRUE" value="# 11109"></ScopeCd></mdHrLv><mdHrLvName Sync="TRUE"># 11110</mdHrLvName><distinfo><resdesc Sync="TRUE">Downloadable Data</resdesc><stdorder><digform><digtinfo><transize Sync="TRUE">0,000</transize><dssize Sync="TRUE">0,000</dssize></digtinfo></digform></stdorder></distinfo><distInfo><distributor><distorTran><onLineSrc><orDesc Sync="TRUE">002</orDesc><linkage Sync="TRUE">file://\\ig-gonzo\dap$\DEPLACEMENTS - OBSERVATOIRE\données déplacements - sce BIBLIOTHEME A VOIR\stationnement\tarifstavoiCopier</linkage><protocol Sync="TRUE">Local Area Network</protocol></onLineSrc><transSize Sync="TRUE">0,000</transSize></distorTran><distorFormat><formatName Sync="TRUE">Fichier de formes</formatName></distorFormat></distributor></distInfo><spdoinfo><direct Sync="TRUE">Vector</direct><ptvctinf><esriterm Name="tarifstavoi"><efeatyp Sync="TRUE">Simple</efeatyp><efeageom Sync="TRUE">Polyline</efeageom><esritopo Sync="TRUE">FALSE</esritopo><efeacnt Sync="TRUE">0</efeacnt><spindex Sync="TRUE">FALSE</spindex><linrefer Sync="TRUE">FALSE</linrefer></esriterm><sdtsterm Name="tarifstavoi"><sdtstype Sync="TRUE">String</sdtstype><ptvctcnt Sync="TRUE">0</ptvctcnt></sdtsterm></ptvctinf></spdoinfo><spref><horizsys><cordsysn><geogcsn Sync="TRUE">GCS_RGF_1993</geogcsn><projcsn Sync="TRUE">RGF93_Lambert_93</projcsn></cordsysn><planar><mapproj><mapprojn Sync="TRUE">Lambert Conformal Conic</mapprojn><lambertc><stdparll Sync="TRUE">44.000000</stdparll><stdparll Sync="TRUE">49.000000</stdparll><longcm Sync="TRUE">3.000000</longcm><latprjo Sync="TRUE">46.500000</latprjo><feast Sync="TRUE">700000.000000</feast><fnorth Sync="TRUE">6600000.000000</fnorth></lambertc></mapproj><planci><plance Sync="TRUE">coordinate pair</plance><plandu Sync="TRUE">meters</plandu><coordrep><absres Sync="TRUE">0.000000</absres><ordres Sync="TRUE">0.000000</ordres></coordrep></planci></planar><geodetic><horizdn Sync="TRUE">D_RGF_1993</horizdn><ellips Sync="TRUE">Geodetic Reference System 80</ellips><semiaxis Sync="TRUE">6378137.000000</semiaxis><denflat Sync="TRUE">298.257222</denflat></geodetic></horizsys></spref><refSysInfo><RefSystem><refSysID><identCode Sync="TRUE">RGF93_Lambert_93</identCode></refSysID></RefSystem></refSysInfo><spatRepInfo><VectSpatRep><topLvl><TopoLevCd Sync="TRUE" value="001"></TopoLevCd></topLvl><geometObjs Name="tarifstavoi"><geoObjTyp><GeoObjTypCd Sync="TRUE" value="001"></GeoObjTypCd></geoObjTyp><geoObjCnt Sync="TRUE">0</geoObjCnt></geometObjs></VectSpatRep></spatRepInfo><eainfo><detailed Name="tarifstavoi"><enttyp><enttypl Sync="TRUE">tarifstavoi</enttypl><enttypt Sync="TRUE">Feature Class</enttypt><enttypc Sync="TRUE">0</enttypc></enttyp><attr><attrlabl Sync="TRUE">FID</attrlabl><attalias Sync="TRUE">FID</attalias><attrtype Sync="TRUE">OID</attrtype><attwidth Sync="TRUE">4</attwidth><atprecis Sync="TRUE">0</atprecis><attscale Sync="TRUE">0</attscale><attrdef Sync="TRUE">Internal feature number.</attrdef><attrdefs Sync="TRUE">ESRI</attrdefs><attrdomv><udom Sync="TRUE">Sequential unique whole numbers that are automatically generated.</udom></attrdomv></attr><attr><attrlabl Sync="TRUE">Shape</attrlabl><attalias Sync="TRUE">Shape</attalias><attrtype Sync="TRUE">Geometry</attrtype><attwidth Sync="TRUE">0</attwidth><atprecis Sync="TRUE">0</atprecis><attscale Sync="TRUE">0</attscale><attrdef Sync="TRUE">Feature geometry.</attrdef><attrdefs Sync="TRUE">ESRI</attrdefs><attrdomv><udom Sync="TRUE">Coordinates defining the features.</udom></attrdomv></attr><attr><attrlabl Sync="TRUE">CIRCULATIO</attrlabl><attalias Sync="TRUE">CIRCULATIO</attalias><attrtype Sync="TRUE">String</attrtype><attwidth Sync="TRUE">50</attwidth></attr><attr><attrlabl Sync="TRUE">CODCOMM</attrlabl><attalias Sync="TRUE">CODCOMM</attalias><attrtype Sync="TRUE">String</attrtype><attwidth Sync="TRUE">6</attwidth></attr><attr><attrlabl Sync="TRUE">DOMAINE</attrlabl><attalias Sync="TRUE">DOMAINE</attalias><attrtype Sync="TRUE">String</attrtype><attwidth Sync="TRUE">50</attwidth></attr><attr><attrlabl Sync="TRUE">HIERARCHIE</attrlabl><attalias Sync="TRUE">HIERARCHIE</attalias><attrtype Sync="TRUE">String</attrtype><attwidth Sync="TRUE">50</attwidth></attr><attr><attrlabl Sync="TRUE">ID_ARC</attrlabl><attalias Sync="TRUE">ID_ARC</attalias><attrtype Sync="TRUE">Number</attrtype><attwidth Sync="TRUE">10</attwidth></attr><attr><attrlabl Sync="TRUE">F_ID_NODE</attrlabl><attalias Sync="TRUE">F_ID_NODE</attalias><attrtype Sync="TRUE">Number</attrtype><attwidth Sync="TRUE">10</attwidth></attr><attr><attrlabl Sync="TRUE">LONGUEUR</attrlabl><attalias Sync="TRUE">LONGUEUR</attalias><attrtype Sync="TRUE">Number</attrtype><attwidth Sync="TRUE">19</attwidth><atnumdec Sync="TRUE">8</atnumdec></attr><attr><attrlabl Sync="TRUE">NOTES</attrlabl><attalias Sync="TRUE">NOTES</attalias><attrtype Sync="TRUE">String</attrtype><attwidth Sync="TRUE">80</attwidth></attr><attr><attrlabl Sync="TRUE">NUM_D_D</attrlabl><attalias Sync="TRUE">NUM_D_D</attalias><attrtype Sync="TRUE">Number</attrtype><attwidth Sync="TRUE">10</attwidth></attr><attr><attrlabl Sync="TRUE">NUM_D_F</attrlabl><attalias Sync="TRUE">NUM_D_F</attalias><attrtype Sync="TRUE">Number</attrtype><attwidth Sync="TRUE">10</attwidth></attr><attr><attrlabl Sync="TRUE">NUM_G_D</attrlabl><attalias Sync="TRUE">NUM_G_D</attalias><attrtype Sync="TRUE">Number</attrtype><attwidth Sync="TRUE">10</attwidth></attr><attr><attrlabl Sync="TRUE">NUM_G_F</attrlabl><attalias Sync="TRUE">NUM_G_F</attalias><attrtype Sync="TRUE">Number</attrtype><attwidth Sync="TRUE">10</attwidth></attr><attr><attrlabl Sync="TRUE">NUMERO</attrlabl><attalias Sync="TRUE">NUMERO</attalias><attrtype Sync="TRUE">String</attrtype><attwidth Sync="TRUE">20</attwidth></attr><attr><attrlabl Sync="TRUE">OCCUPATION</attrlabl><attalias Sync="TRUE">OCCUPATION</attalias><attrtype Sync="TRUE">String</attrtype><attwidth Sync="TRUE">50</attwidth></attr><attr><attrlabl Sync="TRUE">PERIMETRE</attrlabl><attalias Sync="TRUE">PERIMETRE</attalias><attrtype Sync="TRUE">Number</attrtype><attwidth Sync="TRUE">19</attwidth><atnumdec Sync="TRUE">8</atnumdec></attr><attr><attrlabl Sync="TRUE">RIVOLI</attrlabl><attalias Sync="TRUE">RIVOLI</attalias><attrtype Sync="TRUE">String</attrtype><attwidth Sync="TRUE">4</attwidth></attr><attr><attrlabl Sync="TRUE">SUF_D_D</attrlabl><attalias Sync="TRUE">SUF_D_D</attalias><attrtype Sync="TRUE">String</attrtype><attwidth Sync="TRUE">3</attwidth></attr><attr><attrlabl Sync="TRUE">SUF_D_F</attrlabl><attalias Sync="TRUE">SUF_D_F</attalias><attrtype Sync="TRUE">String</attrtype><attwidth Sync="TRUE">3</attwidth></attr><attr><attrlabl Sync="TRUE">SUF_G_D</attrlabl><attalias Sync="TRUE">SUF_G_D</attalias><attrtype Sync="TRUE">String</attrtype><attwidth Sync="TRUE">3</attwidth></attr><attr><attrlabl Sync="TRUE">SUF_G_F</attrlabl><attalias Sync="TRUE">SUF_G_F</attalias><attrtype Sync="TRUE">String</attrtype><attwidth Sync="TRUE">3</attwidth></attr><attr><attrlabl Sync="TRUE">SURFACE</attrlabl><attalias Sync="TRUE">SURFACE</attalias><attrtype Sync="TRUE">Number</attrtype><attwidth Sync="TRUE">19</attwidth><atnumdec Sync="TRUE">8</atnumdec></attr><attr><attrlabl Sync="TRUE">SYMBOL</attrlabl><attalias Sync="TRUE">SYMBOL</attalias><attrtype Sync="TRUE">Number</attrtype><attwidth Sync="TRUE">10</attwidth></attr><attr><attrlabl Sync="TRUE">T_ID_NODE</attrlabl><attalias Sync="TRUE">T_ID_NODE</attalias><attrtype Sync="TRUE">Number</attrtype><attwidth Sync="TRUE">10</attwidth></attr><attr><attrlabl Sync="TRUE">TYPE</attrlabl><attalias Sync="TRUE">TYPE</attalias><attrtype Sync="TRUE">String</attrtype><attwidth Sync="TRUE">50</attwidth></attr><attr><attrlabl Sync="TRUE">DUOP</attrlabl><attalias Sync="TRUE">DUOP</attalias><attrtype Sync="TRUE">String</attrtype><attwidth Sync="TRUE">1</attwidth></attr><attr><attrlabl Sync="TRUE">PROPRIO</attrlabl><attalias Sync="TRUE">PROPRIO</attalias><attrtype Sync="TRUE">String</attrtype><attwidth Sync="TRUE">50</attwidth></attr><attr><attrlabl Sync="TRUE">ZAC</attrlabl><attalias Sync="TRUE">ZAC</attalias><attrtype Sync="TRUE">String</attrtype><attwidth Sync="TRUE">100</attwidth></attr><attr><attrlabl Sync="TRUE">SHAPE_LEN</attrlabl><attalias Sync="TRUE">SHAPE_LEN</attalias><attrtype Sync="TRUE">Float</attrtype><attwidth Sync="TRUE">19</attwidth><atnumdec Sync="TRUE">11</atnumdec></attr></detailed></eainfo><mdDateSt Sync="TRUE">20110517</mdDateSt><dataqual><lineage><procstep><procdesc Sync="TRUE">Jeu de données copié.</procdesc><srcused Sync="TRUE">T:\DEPLACEMENTS - OBSERVATOIRE\données déplacements - sce BIBLIOTHEME A VOIR\stationnement\tarifstavoi</srcused><procdate Sync="TRUE">20110929</procdate><proctime Sync="TRUE">15171400</proctime></procstep></lineage></dataqual></metadata>
