<?xml version="1.0"?>
<!--<!DOCTYPE metadata SYSTEM "http://www.esri.com/metadata/esriprof80.dtd">-->
<metadata xml:lang="fr"><Esri><CreaDate>20110921</CreaDate><CreaTime>10113400</CreaTime><SyncOnce>TRUE</SyncOnce><DataProperties><lineage><Process ToolSource="C:\Program Files\ArcGIS\ArcToolbox\Toolboxes\MaToolBox.tbx\DefineProjection" Date="20110921" Time="100942">DefineProjection TourneeGeneriqueMPT2 PROJCS['Clarke_1880_RGS_Lambert_Conformal_Conic',GEOGCS['GCS_Clarke_1880_RGS',DATUM['D_Clarke_1880_RGS',SPHEROID['Clarke_1880_RGS',6378249.145,293.465]],PRIMEM['Greenwich',0.0],UNIT['Degree',0.0174532925199433]],PROJECTION['Lambert_Conformal_Conic'],PARAMETER['False_Easting',600000.0],PARAMETER['False_Northing',200000.0],PARAMETER['Central_Meridian',2.337229166666667],PARAMETER['Standard_Parallel_1',43.19929],PARAMETER['Standard_Parallel_2',44.99609444444445],PARAMETER['Latitude_Of_Origin',44.1],UNIT['Meter',1.0]],VERTCS['Unknown VCS',VDATUM['Unknown'],PARAMETER['Vertical_Shift',0.0],PARAMETER['Direction',1.0],UNIT['Meter',1.0]] TourneeGeneriqueMPT2</Process><Process ToolSource="C:\Program Files\ArcGIS\ArcToolbox\Toolboxes\MaToolBox.tbx\Project" Date="20110921" Time="101058">Project TourneeGeneriqueMPT2 D:\DONNEES\Nicolas\Travaux_ponctuels\Informatique\MTN\TourneeGeneriqueMPT2_Project.shp PROJCS['NTF_Lambert_Zone_III',GEOGCS['GCS_NTF',DATUM['D_NTF',SPHEROID['Clarke_1880_IGN',6378249.2,293.46602]],PRIMEM['Greenwich',0.0],UNIT['Degree',0.0174532925199433]],PROJECTION['Lambert_Conformal_Conic'],PARAMETER['False_Easting',600000.0],PARAMETER['False_Northing',200000.0],PARAMETER['Central_Meridian',2.3372291667],PARAMETER['Standard_Parallel_1',43.1992913889],PARAMETER['Standard_Parallel_2',44.9960938889],PARAMETER['Scale_Factor',1.0],PARAMETER['Latitude_Of_Origin',44.1],UNIT['Meter',1.0]] # PROJCS['Clarke_1880_RGS_Lambert_Conformal_Conic',GEOGCS['GCS_Clarke_1880_RGS',DATUM['D_Clarke_1880_RGS',SPHEROID['Clarke_1880_RGS',6378249.145,293.465]],PRIMEM['Greenwich',0.0],UNIT['Degree',0.0174532925199433]],PROJECTION['Lambert_Conformal_Conic'],PARAMETER['False_Easting',600000.0],PARAMETER['False_Northing',200000.0],PARAMETER['Central_Meridian',2.337229166666667],PARAMETER['Standard_Parallel_1',43.19929],PARAMETER['Standard_Parallel_2',44.99609444444445],PARAMETER['Latitude_Of_Origin',44.1],UNIT['Meter',1.0]],VERTCS['Unknown VCS',VDATUM['Unknown'],PARAMETER['Vertical_Shift',0.0],PARAMETER['Direction',1.0],UNIT['Meter',1.0]]</Process><Process ToolSource="C:\Program Files\ArcGIS\ArcToolbox\Toolboxes\MaToolBox.tbx\Project" Date="20110921" Time="101134">Project TourneeGeneriqueMPT2_Project D:\DONNEES\Nicolas\Travaux_ponctuels\Informatique\MTN\TourneeGeneriqueMPT2_Project1.shp PROJCS['RGF93_Lambert_93',GEOGCS['GCS_RGF_1993',DATUM['D_RGF_1993',SPHEROID['GRS_1980',6378137.0,298.257222101]],PRIMEM['Greenwich',0.0],UNIT['Degree',0.0174532925199433]],PROJECTION['Lambert_Conformal_Conic'],PARAMETER['False_Easting',700000.0],PARAMETER['False_Northing',6600000.0],PARAMETER['Central_Meridian',3.0],PARAMETER['Standard_Parallel_1',44.0],PARAMETER['Standard_Parallel_2',49.0],PARAMETER['Latitude_Of_Origin',46.5],UNIT['Meter',1.0]] RGF_1993_To_NTF_NTv2 PROJCS['NTF_Lambert_Zone_III',GEOGCS['GCS_NTF',DATUM['D_NTF',SPHEROID['Clarke_1880_IGN',6378249.2,293.46602]],PRIMEM['Greenwich',0.0],UNIT['Degree',0.0174532925199433]],PROJECTION['Lambert_Conformal_Conic'],PARAMETER['False_Easting',600000.0],PARAMETER['False_Northing',200000.0],PARAMETER['Central_Meridian',2.3372291667],PARAMETER['Standard_Parallel_1',43.1992913889],PARAMETER['Standard_Parallel_2',44.9960938889],PARAMETER['Scale_Factor',1.0],PARAMETER['Latitude_Of_Origin',44.1],UNIT['Meter',1.0]]</Process></lineage></DataProperties><MetaID>{92B499D1-BB1C-45DB-80DF-D8DF534B1897}</MetaID></Esri><idinfo><citation><citeinfo><onlink Sync="TRUE"></onlink></citeinfo></citation></idinfo><distInfo><distributor><distorTran><onLineSrc><linkage Sync="TRUE">file://</linkage><protocol Sync="TRUE">Local Area Network</protocol></onLineSrc></distorTran></distributor></distInfo><dataqual><lineage><procstep><procdesc Sync="TRUE">Jeu de données copié.</procdesc><srcused Sync="TRUE"></srcused><procdate Sync="TRUE">20110921</procdate><proctime Sync="TRUE">10105800</proctime></procstep><procstep><procdesc Sync="TRUE">Jeu de données copié.</procdesc><srcused Sync="TRUE"></srcused><procdate Sync="TRUE">20110921</procdate><proctime Sync="TRUE">10113400</proctime></procstep></lineage></dataqual></metadata>
